region,year,month,temp_max,temp_avg_daily_max,temp_min_daily_max,temp_max_daily_avg,temp_avg,temp_min_daily_avg,temp_max_daily_min,temp_avg_daily_min,temp_min,dew_pt_max,dew_pt_avg,dew_pt_min,precipitation_max,precipitation_avg,precipitation_min,precipitation_sum,snow_depth_max,snow_depth_avg,snow_depth_min,snow_depth_sum,wind_max,wind_avg,wind_min,gust_max,gust_avg,gust_min,sea_level_preassure_max,sea_level_preassure_avg,sea_level_preassure_min
delhi,2010,january,25.0°C (77.0°F),21.1°C (69.98°F),13.0°C (55.4°F),18.0°C (64.4°F),14.68°C (58.42°F),11.0°C (51.8°F),12.0°C (53.6°F),6.52°C (43.74°F),3.0°C (37.4°F),12.0°C (53.6°F),8.45°C (47.21°F),3.0°C (37.4°F),1.2mm | 0.05in,0.08mm | 0.0in,0.0mm | 0in,2.4mm | 0.09in,0.0mm | 0in,0.0mm | 0in,0.0mm | 0in,0.0mm | 0in,14.0kmh | 8.7mph,6.55kmh | 4.07mph,3.0kmh | 1.86mph,19.0kmh | 11.81mph,10.77kmh | 6.69mph,6.0kmh | 3.73mph,1.2mb,0.08mb,0.0mb
delhi,2010,february,32.0°C (89.6°F),25.25°C (77.45°F),20.0°C (68.0°F),26.0°C (78.8°F),19.64°C (67.35°F),16.0°C (60.8°F),16.0°C (60.8°F),10.61°C (51.1°F),5.0°C (41.0°F),14.0°C (57.2°F),9.18°C (48.52°F),4.0°C (39.2°F),8.3mm | 0.33in,0.42mm | 0.02in,0.0mm | 0in,11.9mm | 0.47in,0.0mm | 0in,0.0mm | 0in,0.0mm | 0in,0.0mm | 0in,14.0kmh | 8.7mph,9.64kmh | 5.99mph,5.0kmh | 3.11mph,23.0kmh | 14.29mph,16.04kmh | 9.97mph,9.0kmh | 5.59mph,8.3mb,0.42mb,0.0mb
delhi,2010,march,40.0°C (104.0°F),34.84°C (94.71°F),28.0°C (82.4°F),33.0°C (91.4°F),28.9°C (84.02°F),23.0°C (73.4°F),21.0°C (69.8°F),16.87°C (62.37°F),12.0°C (53.6°F),15.0°C (59.0°F),9.48°C (49.06°F),3.0°C (37.4°F),1.0mm | 0.04in,0.04mm | 0.0in,0.0mm | 0in,1.3mm | 0.05in,0.0mm | 0in,0.0mm | 0in,0.0mm | 0in,0.0mm | 0in,12.0kmh | 7.46mph,8.81kmh | 5.47mph,4.0kmh | 2.49mph,19.0kmh | 11.81mph,13.94kmh | 8.66mph,7.0kmh | 4.35mph,1.0mb,0.04mb,0.0mb
delhi,2010,april,45.0°C (113.0°F),41.47°C (106.65°F),38.0°C (100.4°F),40.0°C (104.0°F),36.53°C (97.75°F),32.0°C (89.6°F),29.0°C (84.2°F),24.07°C (75.33°F),19.0°C (66.2°F),12.0°C (53.6°F),3.93°C (39.07°F),-2.0°C (28.4°F),0.3mm | 0.01in,0.01mm | 0.0in,0.0mm | 0in,0.3mm | 0.01in,0.0mm | 0in,0.0mm | 0in,0.0mm | 0in,0.0mm | 0in,14.0kmh | 8.7mph,10.1kmh | 6.28mph,6.0kmh | 3.73mph,22.0kmh | 13.67mph,15.07kmh | 9.36mph,9.0kmh | 5.59mph,0.3mb,0.01mb,0.0mb
delhi,2010,may,48.0°C (118.4°F),44.35°C (111.83°F),37.0°C (98.6°F),43.0°C (109.4°F),39.71°C (103.48°F),35.0°C (95.0°F),32.0°C (89.6°F),27.55°C (81.59°F),24.0°C (75.2°F),17.0°C (62.6°F),7.1°C (44.78°F),0.0°C (0°F),0.0mm | 0in,0.0mm | 0in,0.0mm | 0in,0.0mm | 0in,0.0mm | 0in,0.0mm | 0in,0.0mm | 0in,0.0mm | 0in,14.0kmh | 8.7mph,9.16kmh | 5.69mph,6.0kmh | 3.73mph,18.0kmh | 11.18mph,12.52kmh | 7.78mph,7.0kmh | 4.35mph,0.0mb,0.0mb,0.0mb
delhi,2010,june,48.0°C (118.4°F),43.37°C (110.07°F),29.0°C (84.2°F),43.0°C (109.4°F),39.33°C (102.79°F),27.0°C (80.6°F),34.0°C (93.2°F),29.4°C (84.92°F),22.0°C (71.6°F),16.0°C (60.8°F),12.0°C (53.6°F),6.0°C (42.8°F),0.4mm | 0.02in,0.02mm | 0.0in,0.0mm | 0in,0.7mm | 0.03in,0.0mm | 0in,0.0mm | 0in,0.0mm | 0in,0.0mm | 0in,18.0kmh | 11.18mph,10.1kmh | 6.28mph,6.0kmh | 3.73mph,22.0kmh | 13.67mph,13.17kmh | 8.18mph,8.0kmh | 4.97mph,0.4mb,0.02mb,0.0mb
delhi,2010,july,45.0°C (113.0°F),36.52°C (97.74°F),27.0°C (80.6°F),41.0°C (105.8°F),33.55°C (92.39°F),26.0°C (78.8°F),33.0°C (91.4°F),28.19°C (82.74°F),25.0°C (77.0°F),27.0°C (80.6°F),23.74°C (74.73°F),15.0°C (59.0°F),17.9mm | 0.7in,2.03mm | 0.08in,0.0mm | 0in,62.9mm | 2.48in,0.0mm | 0in,0.0mm | 0in,0.0mm | 0in,0.0mm | 0in,19.0kmh | 11.81mph,8.9kmh | 5.53mph,3.0kmh | 1.86mph,27.0kmh | 16.78mph,11.97kmh | 7.44mph,4.0kmh | 2.49mph,17.9mb,2.03mb,0.0mb
delhi,2010,august,37.0°C (98.6°F),33.39°C (92.1°F),30.0°C (86.0°F),34.0°C (93.2°F),30.84°C (87.51°F),28.0°C (82.4°F),28.0°C (82.4°F),26.0°C (78.8°F),25.0°C (77.0°F),27.0°C (80.6°F),25.97°C (78.75°F),24.0°C (75.2°F),19.2mm | 0.76in,3.0mm | 0.12in,0.0mm | 0in,92.9mm | 3.66in,0.0mm | 0in,0.0mm | 0in,0.0mm | 0in,0.0mm | 0in,12.0kmh | 7.46mph,6.13kmh | 3.81mph,3.0kmh | 1.86mph,16.0kmh | 9.94mph,8.94kmh | 5.56mph,5.0kmh | 3.11mph,19.2mb,3.0mb,0.0mb
delhi,2010,september,32.0°C (89.6°F),29.83°C (85.69°F),23.0°C (73.4°F),30.0°C (86.0°F),27.63°C (81.73°F),22.0°C (71.6°F),26.0°C (78.8°F),23.53°C (74.35°F),20.0°C (68.0°F),27.0°C (80.6°F),25.13°C (77.23°F),22.0°C (71.6°F),33.4mm | 1.31in,4.16mm | 0.16in,0.0mm | 0in,124.9mm | 4.92in,0.0mm | 0in,0.0mm | 0in,0.0mm | 0in,0.0mm | 0in,9.0kmh | 5.59mph,6.77kmh | 4.21mph,4.0kmh | 2.49mph,14.0kmh | 8.7mph,9.77kmh | 6.07mph,6.0kmh | 3.73mph,33.4mb,4.16mb,0.0mb
delhi,2010,october,34.0°C (93.2°F),31.68°C (89.02°F),29.0°C (84.2°F),29.0°C (84.2°F),27.39°C (81.3°F),24.0°C (75.2°F),23.0°C (73.4°F),20.48°C (68.86°F),15.0°C (59.0°F),27.0°C (80.6°F),20.55°C (68.99°F),10.0°C (50.0°F),0.3mm | 0.01in,0.04mm | 0.0in,0.0mm | 0in,1.1mm | 0.04in,0.0mm | 0in,0.0mm | 0in,0.0mm | 0in,0.0mm | 0in,13.0kmh | 8.08mph,6.61kmh | 4.11mph,4.0kmh | 2.49mph,18.0kmh | 11.18mph,9.16kmh | 5.69mph,4.0kmh | 2.49mph,0.3mb,0.04mb,0.0mb
delhi,2010,november,30.0°C (86.0°F),27.93°C (82.27°F),24.0°C (75.2°F),26.0°C (78.8°F),23.13°C (73.63°F),18.0°C (64.4°F),19.0°C (66.2°F),16.1°C (60.98°F),12.0°C (53.6°F),18.0°C (64.4°F),11.33°C (52.39°F),4.0°C (39.2°F),1.5mm | 0.06in,0.1mm | 0.0in,0.0mm | 0in,3.1mm | 0.12in,0.0mm | 0in,0.0mm | 0in,0.0mm | 0in,0.0mm | 0in,12.0kmh | 7.46mph,6.43kmh | 4.0mph,3.0kmh | 1.86mph,17.0kmh | 10.56mph,9.83kmh | 6.11mph,5.0kmh | 3.11mph,1.5mb,0.1mb,0.0mb
delhi,2010,december,24.0°C (75.2°F),22.03°C (71.65°F),19.0°C (66.2°F),19.0°C (66.2°F),16.35°C (61.43°F),14.0°C (57.2°F),13.0°C (55.4°F),9.19°C (48.54°F),6.0°C (42.8°F),13.0°C (55.4°F),6.71°C (44.08°F),-1.0°C (30.2°F),1.8mm | 0.07in,0.08mm | 0.0in,0.0mm | 0in,2.5mm | 0.1in,0.0mm | 0in,0.0mm | 0in,0.0mm | 0in,0.0mm | 0in,13.0kmh | 8.08mph,6.97kmh | 4.33mph,3.0kmh | 1.86mph,21.0kmh | 13.05mph,11.06kmh | 6.87mph,4.0kmh | 2.49mph,1.8mb,0.08mb,0.0mb
delhi,2011,january,23.0°C (73.4°F),19.26°C (66.67°F),15.0°C (59.0°F),17.0°C (62.6°F),13.35°C (56.03°F),9.0°C (48.2°F),10.0°C (50.0°F),6.03°C (42.85°F),2.0°C (35.6°F),11.0°C (51.8°F),6.35°C (43.43°F),3.0°C (37.4°F),0.0mm | 0in,0.0mm | 0in,0.0mm | 0in,0.0mm | 0in,0.0mm | 0in,0.0mm | 0in,0.0mm | 0in,0.0mm | 0in,14.0kmh | 8.7mph,8.61kmh | 5.35mph,4.0kmh | 2.49mph,23.0kmh | 14.29mph,14.29kmh | 8.88mph,6.0kmh | 3.73mph,0.0mb,0.0mb,0.0mb
delhi,2011,february,29.0°C (84.2°F),23.96°C (75.13°F),20.0°C (68.0°F),22.0°C (71.6°F),18.39°C (65.1°F),16.0°C (60.8°F),16.0°C (60.8°F),10.29°C (50.52°F),8.0°C (46.4°F),14.0°C (57.2°F),10.04°C (50.07°F),5.0°C (41.0°F),3.8mm | 0.15in,0.22mm | 0.01in,0.0mm | 0in,6.1mm | 0.24in,0.0mm | 0in,0.0mm | 0in,0.0mm | 0in,0.0mm | 0in,13.0kmh | 8.08mph,8.89kmh | 5.52mph,5.0kmh | 3.11mph,23.0kmh | 14.29mph,15.25kmh | 9.48mph,8.0kmh | 4.97mph,3.8mb,0.22mb,0.0mb
delhi,2011,march,38.0°C (100.4°F),31.55°C (88.79°F),18.0°C (64.4°F),32.0°C (89.6°F),25.61°C (78.1°F),16.0°C (60.8°F),19.0°C (66.2°F),14.26°C (57.67°F),9.0°C (48.2°F),16.0°C (60.8°F),8.94°C (48.09°F),3.0°C (37.4°F),0.2mm | 0.01in,0.01mm | 0.0in,0.0mm | 0in,0.3mm | 0.01in,0.0mm | 0in,0.0mm | 0in,0.0mm | 0in,0.0mm | 0in,14.0kmh | 8.7mph,9.06kmh | 5.63mph,5.0kmh | 3.11mph,23.0kmh | 14.29mph,14.48kmh | 9.0mph,9.0kmh | 5.59mph,0.2mb,0.01mb,0.0mb
delhi,2011,april,42.0°C (107.6°F),36.73°C (98.11°F),31.0°C (87.8°F),38.0°C (100.4°F),31.8°C (89.24°F),27.0°C (80.6°F),25.0°C (77.0°F),20.27°C (68.49°F),15.0°C (59.0°F),13.0°C (55.4°F),7.53°C (45.55°F),0.0°C (0°F),1.9mm | 0.07in,0.19mm | 0.01in,0.0mm | 0in,5.8mm | 0.23in,0.0mm | 0in,0.0mm | 0in,0.0mm | 0in,0.0mm | 0in,12.0kmh | 7.46mph,8.0kmh | 4.97mph,4.0kmh | 2.49mph,18.0kmh | 11.18mph,12.23kmh | 7.6mph,6.0kmh | 3.73mph,1.9mb,0.19mb,0.0mb
delhi,2011,may,45.0°C (113.0°F),41.84°C (107.31°F),37.0°C (98.6°F),41.0°C (105.8°F),38.03°C (100.45°F),33.0°C (91.4°F),31.0°C (87.8°F),27.9°C (82.22°F),24.0°C (75.2°F),20.0°C (68.0°F),12.35°C (54.23°F),5.0°C (41.0°F),1.4mm | 0.06in,0.13mm | 0.01in,0.0mm | 0in,4.1mm | 0.16in,0.0mm | 0in,0.0mm | 0in,0.0mm | 0in,0.0mm | 0in,15.0kmh | 9.32mph,10.13kmh | 6.29mph,7.0kmh | 4.35mph,19.0kmh | 11.81mph,12.84kmh | 7.98mph,8.0kmh | 4.97mph,1.4mb,0.13mb,0.0mb
delhi,2011,june,45.0°C (113.0°F),39.6°C (103.28°F),29.0°C (84.2°F),41.0°C (105.8°F),36.63°C (97.93°F),28.0°C (82.4°F),33.0°C (91.4°F),28.83°C (83.89°F),24.0°C (75.2°F),25.0°C (77.0°F),19.87°C (67.77°F),13.0°C (55.4°F),3.1mm | 0.12in,0.43mm | 0.02in,0.0mm | 0in,12.9mm | 0.51in,0.0mm | 0in,0.0mm | 0in,0.0mm | 0in,0.0mm | 0in,15.0kmh | 9.32mph,8.93kmh | 5.55mph,5.0kmh | 3.11mph,17.0kmh | 10.56mph,10.57kmh | 6.57mph,6.0kmh | 3.73mph,3.1mb,0.43mb,0.0mb
delhi,2011,july,38.0°C (100.4°F),34.29°C (93.72°F),29.0°C (84.2°F),35.0°C (95.0°F),31.77°C (89.19°F),27.0°C (80.6°F),29.0°C (84.2°F),26.77°C (80.19°F),25.0°C (77.0°F),27.0°C (80.6°F),24.58°C (76.24°F),23.0°C (73.4°F),15.1mm | 0.59in,3.23mm | 0.13in,0.0mm | 0in,100.2mm | 3.94in,0.0mm | 0in,0.0mm | 0in,0.0mm | 0in,0.0mm | 0in,14.0kmh | 8.7mph,7.9kmh | 4.91mph,4.0kmh | 2.49mph,18.0kmh | 11.18mph,10.35kmh | 6.43mph,5.0kmh | 3.11mph,15.1mb,3.23mb,0.0mb
delhi,2011,august,36.0°C (96.8°F),32.19°C (89.94°F),27.0°C (80.6°F),33.0°C (91.4°F),30.06°C (86.11°F),26.0°C (78.8°F),29.0°C (84.2°F),25.74°C (78.33°F),24.0°C (75.2°F),27.0°C (80.6°F),25.68°C (78.22°F),25.0°C (77.0°F),20.2mm | 0.8in,4.88mm | 0.19in,0.0mm | 0in,151.3mm | 5.96in,0.0mm | 0in,0.0mm | 0in,0.0mm | 0in,0.0mm | 0in,20.0kmh | 12.43mph,8.42kmh | 5.23mph,4.0kmh | 2.49mph,28.0kmh | 17.4mph,11.74kmh | 7.29mph,6.0kmh | 3.73mph,20.2mb,4.88mb,0.0mb
delhi,2011,september,34.0°C (93.2°F),32.0°C (89.6°F),27.0°C (80.6°F),31.0°C (87.8°F),29.37°C (84.87°F),27.0°C (80.6°F),26.0°C (78.8°F),24.1°C (75.38°F),22.0°C (71.6°F),26.0°C (78.8°F),24.53°C (76.15°F),20.0°C (68.0°F),14.5mm | 0.57in,2.4mm | 0.09in,0.0mm | 0in,71.9mm | 2.83in,0.0mm | 0in,0.0mm | 0in,0.0mm | 0in,0.0mm | 0in,14.0kmh | 8.7mph,8.47kmh | 5.26mph,4.0kmh | 2.49mph,20.0kmh | 12.43mph,11.87kmh | 7.38mph,6.0kmh | 3.73mph,14.5mb,2.4mb,0.0mb
delhi,2011,october,34.0°C (93.2°F),31.97°C (89.55°F),29.0°C (84.2°F),30.0°C (86.0°F),27.81°C (82.06°F),24.0°C (75.2°F),23.0°C (73.4°F),20.0°C (68.0°F),16.0°C (60.8°F),21.0°C (69.8°F),15.65°C (60.17°F),9.0°C (48.2°F),0.0mm | 0in,0.0mm | 0in,0.0mm | 0in,0.0mm | 0in,0.0mm | 0in,0.0mm | 0in,0.0mm | 0in,0.0mm | 0in,12.0kmh | 7.46mph,6.52kmh | 4.05mph,4.0kmh | 2.49mph,16.0kmh | 9.94mph,8.84kmh | 5.49mph,6.0kmh | 3.73mph,0.0mb,0.0mb,0.0mb
delhi,2011,november,31.0°C (87.8°F),28.13°C (82.63°F),25.0°C (77.0°F),26.0°C (78.8°F),23.57°C (74.43°F),20.0°C (68.0°F),19.0°C (66.2°F),15.97°C (60.75°F),12.0°C (53.6°F),16.0°C (60.8°F),11.5°C (52.7°F),6.0°C (42.8°F),0.0mm | 0in,0.0mm | 0in,0.0mm | 0in,0.0mm | 0in,0.0mm | 0in,0.0mm | 0in,0.0mm | 0in,0.0mm | 0in,10.0kmh | 6.21mph,5.77kmh | 3.59mph,1.0kmh | 0.62mph,15.0kmh | 9.32mph,8.1kmh | 5.03mph,2.0kmh | 1.24mph,0.0mb,0.0mb,0.0mb
delhi,2011,december,27.0°C (80.6°F),22.48°C (72.46°F),19.0°C (66.2°F),23.0°C (73.4°F),17.1°C (62.78°F),13.0°C (55.4°F),17.0°C (62.6°F),9.97°C (49.95°F),5.0°C (41.0°F),13.0°C (55.4°F),6.81°C (44.26°F),0.0°C (0°F),0.1mm | 0.0in,0.01mm | 0.0in,0.0mm | 0in,0.2mm | 0.01in,0.0mm | 0in,0.0mm | 0in,0.0mm | 0in,0.0mm | 0in,11.0kmh | 6.84mph,6.61kmh | 4.11mph,3.0kmh | 1.86mph,15.0kmh | 9.32mph,10.03kmh | 6.23mph,5.0kmh | 3.11mph,0.1mb,0.01mb,0.0mb
delhi,2012,january,22.0°C (71.6°F),18.87°C (65.97°F),16.0°C (60.8°F),17.0°C (62.6°F),13.61°C (56.5°F),11.0°C (51.8°F),11.0°C (51.8°F),5.87°C (42.57°F),3.0°C (37.4°F),11.0°C (51.8°F),7.52°C (45.54°F),3.0°C (37.4°F),0.1mm | 0.0in,0.01mm | 0.0in,0.0mm | 0in,0.4mm | 0.02in,0.0mm | 0in,0.0mm | 0in,0.0mm | 0in,0.0mm | 0in,13.0kmh | 8.08mph,8.1kmh | 5.03mph,4.0kmh | 2.49mph,21.0kmh | 13.05mph,13.29kmh | 8.26mph,6.0kmh | 3.73mph,0.1mb,0.01mb,0.0mb
delhi,2012,february,27.0°C (80.6°F),21.83°C (71.29°F),17.0°C (62.6°F),21.0°C (69.8°F),16.34°C (61.41°F),12.0°C (53.6°F),11.0°C (51.8°F),7.55°C (45.59°F),1.0°C (33.8°F),13.0°C (55.4°F),8.24°C (46.83°F),3.0°C (37.4°F),0.2mm | 0.01in,0.01mm | 0.0in,0.0mm | 0in,0.2mm | 0.01in,0.0mm | 0in,0.0mm | 0in,0.0mm | 0in,0.0mm | 0in,14.0kmh | 8.7mph,10.17kmh | 6.32mph,6.0kmh | 3.73mph,23.0kmh | 14.29mph,16.9kmh | 10.5mph,10.0kmh | 6.21mph,0.2mb,0.01mb,0.0mb
delhi,2012,march,35.0°C (95.0°F),29.13°C (84.43°F),23.0°C (73.4°F),30.0°C (86.0°F),23.9°C (75.02°F),18.0°C (64.4°F),18.0°C (64.4°F),12.48°C (54.46°F),6.0°C (42.8°F),17.0°C (62.6°F),9.58°C (49.24°F),2.0°C (35.6°F),0.0mm | 0in,0.0mm | 0in,0.0mm | 0in,0.0mm | 0in,0.0mm | 0in,0.0mm | 0in,0.0mm | 0in,0.0mm | 0in,15.0kmh | 9.32mph,9.16kmh | 5.69mph,5.0kmh | 3.11mph,22.0kmh | 13.67mph,14.87kmh | 9.24mph,9.0kmh | 5.59mph,0.0mb,0.0mb,0.0mb
delhi,2012,april,38.0°C (100.4°F),35.6°C (96.08°F),32.0°C (89.6°F),33.0°C (91.4°F),31.9°C (89.42°F),29.0°C (84.2°F),25.0°C (77.0°F),22.27°C (72.09°F),19.0°C (66.2°F),14.0°C (57.2°F),10.4°C (50.72°F),7.0°C (44.6°F),1.4mm | 0.06in,0.18mm | 0.01in,0.0mm | 0in,5.3mm | 0.21in,0.0mm | 0in,0.0mm | 0in,0.0mm | 0in,0.0mm | 0in,13.0kmh | 8.08mph,8.3kmh | 5.16mph,6.0kmh | 3.73mph,18.0kmh | 11.18mph,11.8kmh | 7.33mph,8.0kmh | 4.97mph,1.4mb,0.18mb,0.0mb
delhi,2012,may,46.0°C (114.8°F),41.35°C (106.43°F),36.0°C (96.8°F),43.0°C (109.4°F),38.13°C (100.63°F),32.0°C (89.6°F),33.0°C (91.4°F),27.81°C (82.06°F),22.0°C (71.6°F),12.0°C (53.6°F),6.84°C (44.31°F),2.0°C (35.6°F),0.5mm | 0.02in,0.03mm | 0.0in,0.0mm | 0in,0.9mm | 0.04in,0.0mm | 0in,0.0mm | 0in,0.0mm | 0in,0.0mm | 0in,15.0kmh | 9.32mph,9.77kmh | 6.07mph,5.0kmh | 3.11mph,19.0kmh | 11.81mph,12.48kmh | 7.75mph,6.0kmh | 3.73mph,0.5mb,0.03mb,0.0mb
delhi,2012,june,46.0°C (114.8°F),43.7°C (110.66°F),40.0°C (104.0°F),43.0°C (109.4°F),40.63°C (105.13°F),38.0°C (100.4°F),35.0°C (95.0°F),32.27°C (90.09°F),29.0°C (84.2°F),18.0°C (64.4°F),12.37°C (54.27°F),7.0°C (44.6°F),0.6mm | 0.02in,0.08mm | 0.0in,0.0mm | 0in,2.3mm | 0.09in,0.0mm | 0in,0.0mm | 0in,0.0mm | 0in,0.0mm | 0in,17.0kmh | 10.56mph,12.23kmh | 7.6mph,7.0kmh | 4.35mph,20.0kmh | 12.43mph,14.77kmh | 9.18mph,9.0kmh | 5.59mph,0.6mb,0.08mb,0.0mb
delhi,2012,july,45.0°C (113.0°F),38.68°C (101.62°F),32.0°C (89.6°F),42.0°C (107.6°F),35.68°C (96.22°F),30.0°C (86.0°F),34.0°C (93.2°F),29.84°C (85.71°F),27.0°C (80.6°F),25.0°C (77.0°F),22.35°C (72.23°F),12.0°C (53.6°F),9.7mm | 0.38in,1.01mm | 0.04in,0.0mm | 0in,31.4mm | 1.24in,0.0mm | 0in,0.0mm | 0in,0.0mm | 0in,0.0mm | 0in,15.0kmh | 9.32mph,8.68kmh | 5.39mph,5.0kmh | 3.11mph,19.0kmh | 11.81mph,10.9kmh | 6.77mph,6.0kmh | 3.73mph,9.7mb,1.01mb,0.0mb
delhi,2012,august,39.0°C (102.2°F),35.03°C (95.05°F),31.0°C (87.8°F),36.0°C (96.8°F),32.06°C (89.71°F),29.0°C (84.2°F),30.0°C (86.0°F),27.03°C (80.65°F),25.0°C (77.0°F),25.0°C (77.0°F),23.77°C (74.79°F),22.0°C (71.6°F),8.6mm | 0.34in,1.07mm | 0.04in,0.0mm | 0in,33.2mm | 1.31in,0.0mm | 0in,0.0mm | 0in,0.0mm | 0in,0.0mm | 0in,14.0kmh | 8.7mph,8.0kmh | 4.97mph,4.0kmh | 2.49mph,18.0kmh | 11.18mph,10.39kmh | 6.46mph,5.0kmh | 3.11mph,8.6mb,1.07mb,0.0mb
delhi,2012,september,38.0°C (100.4°F),34.57°C (94.23°F),29.0°C (84.2°F),34.0°C (93.2°F),31.23°C (88.21°F),28.0°C (82.4°F),28.0°C (82.4°F),25.17°C (77.31°F),22.0°C (71.6°F),25.0°C (77.0°F),21.43°C (70.57°F),15.0°C (59.0°F),6.9mm | 0.27in,0.92mm | 0.04in,0.0mm | 0in,27.6mm | 1.09in,0.0mm | 0in,0.0mm | 0in,0.0mm | 0in,0.0mm | 0in,15.0kmh | 9.32mph,8.17kmh | 5.08mph,4.0kmh | 2.49mph,20.0kmh | 12.43mph,11.1kmh | 6.9mph,5.0kmh | 3.11mph,6.9mb,0.92mb,0.0mb
delhi,2012,october,36.0°C (96.8°F),33.03°C (91.45°F),29.0°C (84.2°F),32.0°C (89.6°F),28.58°C (83.44°F),25.0°C (77.0°F),25.0°C (77.0°F),20.26°C (68.47°F),16.0°C (60.8°F),17.0°C (62.6°F),12.19°C (53.94°F),7.0°C (44.6°F),0.2mm | 0.01in,0.01mm | 0.0in,0.0mm | 0in,0.3mm | 0.01in,0.0mm | 0in,0.0mm | 0in,0.0mm | 0in,0.0mm | 0in,8.0kmh | 4.97mph,5.68kmh | 3.53mph,3.0kmh | 1.86mph,11.0kmh | 6.84mph,7.84kmh | 4.87mph,4.0kmh | 2.49mph,0.2mb,0.01mb,0.0mb
delhi,2012,november,31.0°C (87.8°F),27.83°C (82.09°F),24.0°C (75.2°F),26.0°C (78.8°F),23.1°C (73.58°F),19.0°C (66.2°F),20.0°C (68.0°F),16.0°C (60.8°F),13.0°C (55.4°F),11.0°C (51.8°F),5.5°C (41.9°F),-2.0°C (28.4°F),0.0mm | 0in,0.0mm | 0in,0.0mm | 0in,0.0mm | 0in,0.0mm | 0in,0.0mm | 0in,0.0mm | 0in,0.0mm | 0in,13.0kmh | 8.08mph,8.0kmh | 4.97mph,3.0kmh | 1.86mph,18.0kmh | 11.18mph,11.63kmh | 7.23mph,4.0kmh | 2.49mph,0.0mb,0.0mb,0.0mb
delhi,2012,december,26.0°C (78.8°F),22.74°C (72.93°F),18.0°C (64.4°F),21.0°C (69.8°F),17.74°C (63.93°F),13.0°C (55.4°F),15.0°C (59.0°F),11.26°C (52.27°F),7.0°C (44.6°F),9.0°C (48.2°F),3.16°C (37.69°F),-5.0°C (23.0°F),0.6mm | 0.02in,0.02mm | 0.0in,0.0mm | 0in,0.6mm | 0.02in,0.0mm | 0in,0.0mm | 0in,0.0mm | 0in,0.0mm | 0in,20.0kmh | 12.43mph,11.39kmh | 7.08mph,5.0kmh | 3.11mph,31.0kmh | 19.26mph,17.87kmh | 11.1mph,8.0kmh | 4.97mph,0.6mb,0.02mb,0.0mb
delhi,2013,january,24.0°C (75.2°F),20.26°C (68.47°F),17.0°C (62.6°F),18.0°C (64.4°F),14.48°C (58.06°F),11.0°C (51.8°F),14.0°C (57.2°F),7.52°C (45.54°F),4.0°C (39.2°F),12.0°C (53.6°F),4.9°C (40.82°F),-4.0°C (24.8°F),1.3mm | 0.05in,0.08mm | 0.0in,0.0mm | 0in,2.4mm | 0.09in,0.0mm | 0in,0.0mm | 0in,0.0mm | 0in,0.0mm | 0in,19.0kmh | 11.81mph,10.65kmh | 6.62mph,4.0kmh | 2.49mph,32.0kmh | 19.88mph,17.26kmh | 10.72mph,7.0kmh | 4.35mph,1.3mb,0.08mb,0.0mb
delhi,2013,february,26.0°C (78.8°F),22.39°C (72.3°F),15.0°C (59.0°F),21.0°C (69.8°F),17.71°C (63.88°F),13.0°C (55.4°F),14.0°C (57.2°F),10.43°C (50.77°F),6.0°C (42.8°F),15.0°C (59.0°F),11.04°C (51.87°F),8.0°C (46.4°F),4.9mm | 0.19in,0.57mm | 0.02in,0.0mm | 0in,16.0mm | 0.63in,0.0mm | 0in,0.0mm | 0in,0.0mm | 0in,0.0mm | 0in,23.0kmh | 14.29mph,10.75kmh | 6.68mph,3.0kmh | 1.86mph,38.0kmh | 23.61mph,17.61kmh | 10.94mph,6.0kmh | 3.73mph,4.9mb,0.57mb,0.0mb
delhi,2013,march,35.0°C (95.0°F),30.94°C (87.69°F),24.0°C (75.2°F),30.0°C (86.0°F),25.45°C (77.81°F),19.0°C (66.2°F),19.0°C (66.2°F),15.35°C (59.63°F),10.0°C (50.0°F),14.0°C (57.2°F),10.45°C (50.81°F),7.0°C (44.6°F),0.4mm | 0.02in,0.03mm | 0.0in,0.0mm | 0in,1.0mm | 0.04in,0.0mm | 0in,0.0mm | 0in,0.0mm | 0in,0.0mm | 0in,19.0kmh | 11.81mph,10.42kmh | 6.47mph,5.0kmh | 3.11mph,31.0kmh | 19.26mph,16.48kmh | 10.24mph,8.0kmh | 4.97mph,0.4mb,0.03mb,0.0mb
delhi,2013,april,40.0°C (104.0°F),36.8°C (98.24°F),33.0°C (91.4°F),37.0°C (98.6°F),33.1°C (91.58°F),29.0°C (84.2°F),28.0°C (82.4°F),23.23°C (73.81°F),19.0°C (66.2°F),13.0°C (55.4°F),7.43°C (45.37°F),2.0°C (35.6°F),1.7mm | 0.07in,0.18mm | 0.01in,0.0mm | 0in,5.5mm | 0.22in,0.0mm | 0in,0.0mm | 0in,0.0mm | 0in,0.0mm | 0in,18.0kmh | 11.18mph,10.57kmh | 6.57mph,6.0kmh | 3.73mph,25.0kmh | 15.53mph,14.7kmh | 9.13mph,8.0kmh | 4.97mph,1.7mb,0.18mb,0.0mb
delhi,2013,may,47.0°C (116.6°F),42.48°C (108.46°F),35.0°C (95.0°F),43.0°C (109.4°F),39.0°C (102.2°F),33.0°C (91.4°F),33.0°C (91.4°F),28.65°C (83.57°F),24.0°C (75.2°F),13.0°C (55.4°F),5.06°C (41.11°F),-5.0°C (23.0°F),0.2mm | 0.01in,0.01mm | 0.0in,0.0mm | 0in,0.2mm | 0.01in,0.0mm | 0in,0.0mm | 0in,0.0mm | 0in,0.0mm | 0in,18.0kmh | 11.18mph,10.23kmh | 6.36mph,5.0kmh | 3.11mph,23.0kmh | 14.29mph,13.29kmh | 8.26mph,7.0kmh | 4.35mph,0.2mb,0.01mb,0.0mb
delhi,2013,june,47.0°C (116.6°F),40.9°C (105.62°F),28.0°C (82.4°F),43.0°C (109.4°F),37.77°C (99.99°F),27.0°C (80.6°F),34.0°C (93.2°F),30.6°C (87.08°F),25.0°C (77.0°F),23.0°C (73.4°F),18.47°C (65.25°F),13.0°C (55.4°F),6.0mm | 0.24in,0.65mm | 0.03in,0.0mm | 0in,19.6mm | 0.77in,0.0mm | 0in,0.0mm | 0in,0.0mm | 0in,0.0mm | 0in,15.0kmh | 9.32mph,9.17kmh | 5.7mph,5.0kmh | 3.11mph,18.0kmh | 11.18mph,11.13kmh | 6.92mph,5.0kmh | 3.11mph,6.0mb,0.65mb,0.0mb
delhi,2013,july,41.0°C (105.8°F),37.97°C (100.35°F),33.0°C (91.4°F),39.0°C (102.2°F),35.1°C (95.18°F),31.0°C (87.8°F),32.0°C (89.6°F),29.29°C (84.72°F),27.0°C (80.6°F),25.0°C (77.0°F),22.87°C (73.17°F),18.0°C (64.4°F),5.3mm | 0.21in,0.96mm | 0.04in,0.0mm | 0in,29.9mm | 1.18in,0.0mm | 0in,0.0mm | 0in,0.0mm | 0in,0.0mm | 0in,12.0kmh | 7.46mph,7.61kmh | 4.73mph,5.0kmh | 3.11mph,14.0kmh | 8.7mph,9.42kmh | 5.85mph,6.0kmh | 3.73mph,5.3mb,0.96mb,0.0mb
delhi,2013,august,39.0°C (102.2°F),35.39°C (95.7°F),32.0°C (89.6°F),36.0°C (96.8°F),32.45°C (90.41°F),30.0°C (86.0°F),30.0°C (86.0°F),27.16°C (80.89°F),26.0°C (78.8°F),25.0°C (77.0°F),23.23°C (73.81°F),21.0°C (69.8°F),5.2mm | 0.2in,0.8mm | 0.03in,0.0mm | 0in,24.8mm | 0.98in,0.0mm | 0in,0.0mm | 0in,0.0mm | 0in,0.0mm | 0in,13.0kmh | 8.08mph,7.35kmh | 4.57mph,2.0kmh | 1.24mph,17.0kmh | 10.56mph,9.84kmh | 6.11mph,3.0kmh | 1.86mph,5.2mb,0.8mb,0.0mb
delhi,2013,september,39.0°C (102.2°F),36.63°C (97.93°F),33.0°C (91.4°F),35.0°C (95.0°F),32.8°C (91.04°F),29.0°C (84.2°F),27.0°C (80.6°F),25.53°C (77.95°F),23.0°C (73.4°F),23.0°C (73.4°F),18.97°C (66.15°F),16.0°C (60.8°F),5.1mm | 0.2in,0.3mm | 0.01in,0.0mm | 0in,9.1mm | 0.36in,0.0mm | 0in,0.0mm | 0in,0.0mm | 0in,0.0mm | 0in,13.0kmh | 8.08mph,7.53kmh | 4.68mph,4.0kmh | 2.49mph,18.0kmh | 11.18mph,10.53kmh | 6.54mph,6.0kmh | 3.73mph,5.1mb,0.3mb,0.0mb
delhi,2013,october,35.0°C (95.0°F),32.87°C (91.17°F),30.0°C (86.0°F),32.0°C (89.6°F),28.97°C (84.15°F),27.0°C (80.6°F),26.0°C (78.8°F),22.19°C (71.94°F),18.0°C (64.4°F),21.0°C (69.8°F),15.26°C (59.47°F),7.0°C (44.6°F),0.2mm | 0.01in,0.01mm | 0.0in,0.0mm | 0in,0.4mm | 0.02in,0.0mm | 0in,0.0mm | 0in,0.0mm | 0in,0.0mm | 0in,12.0kmh | 7.46mph,5.94kmh | 3.69mph,3.0kmh | 1.86mph,14.0kmh | 8.7mph,7.87kmh | 4.89mph,4.0kmh | 2.49mph,0.2mb,0.01mb,0.0mb
delhi,2013,november,31.0°C (87.8°F),27.1°C (80.78°F),26.0°C (78.8°F),27.0°C (80.6°F),22.33°C (72.19°F),20.0°C (68.0°F),20.0°C (68.0°F),15.13°C (59.23°F),12.0°C (53.6°F),11.0°C (51.8°F),5.2°C (41.36°F),-1.0°C (30.2°F),0.0mm | 0in,0.0mm | 0in,0.0mm | 0in,0.0mm | 0in,0.0mm | 0in,0.0mm | 0in,0.0mm | 0in,0.0mm | 0in,15.0kmh | 9.32mph,8.1kmh | 5.03mph,4.0kmh | 2.49mph,22.0kmh | 13.67mph,12.0kmh | 7.46mph,5.0kmh | 3.11mph,0.0mb,0.0mb,0.0mb
delhi,2013,december,27.0°C (80.6°F),22.84°C (73.11°F),17.0°C (62.6°F),21.0°C (69.8°F),17.74°C (63.93°F),12.0°C (53.6°F),14.0°C (57.2°F),11.23°C (52.21°F),3.0°C (37.4°F),11.0°C (51.8°F),6.23°C (43.21°F),-3.0°C (26.6°F),0.4mm | 0.02in,0.01mm | 0.0in,0.0mm | 0in,0.4mm | 0.02in,0.0mm | 0in,0.0mm | 0in,0.0mm | 0in,0.0mm | 0in,17.0kmh | 10.56mph,8.26kmh | 5.13mph,2.0kmh | 1.24mph,25.0kmh | 15.53mph,12.45kmh | 7.74mph,3.0kmh | 1.86mph,0.4mb,0.01mb,0.0mb
delhi,2014,january,23.0°C (73.4°F),19.9°C (67.82°F),17.0°C (62.6°F),17.0°C (62.6°F),14.81°C (58.66°F),13.0°C (55.4°F),13.0°C (55.4°F),8.19°C (46.74°F),5.0°C (41.0°F),15.0°C (59.0°F),7.26°C (45.07°F),0.0°C (0°F),3.0mm | 0.12in,0.13mm | 0.01in,0.0mm | 0in,4.0mm | 0.16in,0.0mm | 0in,0.0mm | 0in,0.0mm | 0in,0.0mm | 0in,13.0kmh | 8.08mph,8.06kmh | 5.01mph,3.0kmh | 1.86mph,21.0kmh | 13.05mph,12.84kmh | 7.98mph,5.0kmh | 3.11mph,3.0mb,0.13mb,0.0mb
delhi,2014,february,26.0°C (78.8°F),22.36°C (72.25°F),18.0°C (64.4°F),21.0°C (69.8°F),17.21°C (62.98°F),14.0°C (57.2°F),12.0°C (53.6°F),8.82°C (47.88°F),5.0°C (41.0°F),13.0°C (55.4°F),9.07°C (48.33°F),3.0°C (37.4°F),2.4mm | 0.09in,0.16mm | 0.01in,0.0mm | 0in,4.5mm | 0.18in,0.0mm | 0in,0.0mm | 0in,0.0mm | 0in,0.0mm | 0in,15.0kmh | 9.32mph,8.11kmh | 5.04mph,3.0kmh | 1.86mph,23.0kmh | 14.29mph,13.14kmh | 8.16mph,5.0kmh | 3.11mph,2.4mb,0.16mb,0.0mb
delhi,2014,march,35.0°C (95.0°F),28.61°C (83.5°F),20.0°C (68.0°F),30.0°C (86.0°F),23.81°C (74.86°F),17.0°C (62.6°F),19.0°C (66.2°F),14.42°C (57.96°F),9.0°C (48.2°F),14.0°C (57.2°F),9.9°C (49.82°F),6.0°C (42.8°F),1.6mm | 0.06in,0.16mm | 0.01in,0.0mm | 0in,5.1mm | 0.2in,0.0mm | 0in,0.0mm | 0in,0.0mm | 0in,0.0mm | 0in,18.0kmh | 11.18mph,9.26kmh | 5.75mph,6.0kmh | 3.73mph,30.0kmh | 18.64mph,14.55kmh | 9.04mph,9.0kmh | 5.59mph,1.6mb,0.16mb,0.0mb
delhi,2014,april,42.0°C (107.6°F),36.23°C (97.21°F),31.0°C (87.8°F),39.0°C (102.2°F),32.27°C (90.09°F),27.0°C (80.6°F),26.0°C (78.8°F),21.9°C (71.42°F),17.0°C (62.6°F),12.0°C (53.6°F),6.67°C (44.01°F),2.0°C (35.6°F),1.1mm | 0.04in,0.05mm | 0.0in,0.0mm | 0in,1.6mm | 0.06in,0.0mm | 0in,0.0mm | 0in,0.0mm | 0in,0.0mm | 0in,13.0kmh | 8.08mph,9.17kmh | 5.7mph,5.0kmh | 3.11mph,19.0kmh | 11.81mph,12.87kmh | 8.0mph,7.0kmh | 4.35mph,1.1mb,0.05mb,0.0mb
delhi,2014,may,46.0°C (114.8°F),40.42°C (104.76°F),35.0°C (95.0°F),42.0°C (107.6°F),37.23°C (99.01°F),32.0°C (89.6°F),32.0°C (89.6°F),27.77°C (81.99°F),23.0°C (73.4°F),15.0°C (59.0°F),9.97°C (49.95°F),2.0°C (35.6°F),0.8mm | 0.03in,0.06mm | 0.0in,0.0mm | 0in,1.8mm | 0.07in,0.0mm | 0in,0.0mm | 0in,0.0mm | 0in,0.0mm | 0in,14.0kmh | 8.7mph,8.71kmh | 5.41mph,5.0kmh | 3.11mph,17.0kmh | 10.56mph,10.9kmh | 6.77mph,7.0kmh | 4.35mph,0.8mb,0.06mb,0.0mb
delhi,2014,june,47.0°C (116.6°F),43.33°C (109.99°F),39.0°C (102.2°F),44.0°C (111.2°F),40.6°C (105.08°F),38.0°C (100.4°F),36.0°C (96.8°F),32.67°C (90.81°F),31.0°C (87.8°F),19.0°C (66.2°F),13.6°C (56.48°F),3.0°C (37.4°F),1.5mm | 0.06in,0.2mm | 0.01in,0.0mm | 0in,6.0mm | 0.24in,0.0mm | 0in,0.0mm | 0in,0.0mm | 0in,0.0mm | 0in,16.0kmh | 9.94mph,10.57kmh | 6.57mph,6.0kmh | 3.73mph,20.0kmh | 12.43mph,12.9kmh | 8.02mph,7.0kmh | 4.35mph,1.5mb,0.2mb,0.0mb
delhi,2014,july,44.0°C (111.2°F),38.84°C (101.91°F),32.0°C (89.6°F),41.0°C (105.8°F),35.94°C (96.69°F),30.0°C (86.0°F),33.0°C (91.4°F),29.65°C (85.37°F),27.0°C (80.6°F),24.0°C (75.2°F),20.48°C (68.86°F),13.0°C (55.4°F),3.6mm | 0.14in,0.27mm | 0.01in,0.0mm | 0in,8.5mm | 0.33in,0.0mm | 0in,0.0mm | 0in,0.0mm | 0in,0.0mm | 0in,15.0kmh | 9.32mph,9.03kmh | 5.61mph,4.0kmh | 2.49mph,18.0kmh | 11.18mph,10.84kmh | 6.74mph,5.0kmh | 3.11mph,3.6mb,0.27mb,0.0mb
delhi,2014,august,41.0°C (105.8°F),38.45°C (101.21°F),32.0°C (89.6°F),37.0°C (98.6°F),34.9°C (94.82°F),30.0°C (86.0°F),31.0°C (87.8°F),28.19°C (82.74°F),26.0°C (78.8°F),24.0°C (75.2°F),20.19°C (68.34°F),15.0°C (59.0°F),4.4mm | 0.17in,0.24mm | 0.01in,0.0mm | 0in,7.4mm | 0.29in,0.0mm | 0in,0.0mm | 0in,0.0mm | 0in,0.0mm | 0in,17.0kmh | 10.56mph,8.26kmh | 5.13mph,4.0kmh | 2.49mph,22.0kmh | 13.67mph,10.9kmh | 6.77mph,5.0kmh | 3.11mph,4.4mb,0.24mb,0.0mb
delhi,2014,september,38.0°C (100.4°F),35.73°C (96.31°F),28.0°C (82.4°F),34.0°C (93.2°F),32.27°C (90.09°F),26.0°C (78.8°F),27.0°C (80.6°F),25.2°C (77.36°F),23.0°C (73.4°F),24.0°C (75.2°F),19.1°C (66.38°F),14.0°C (57.2°F),7.0mm | 0.28in,0.56mm | 0.02in,0.0mm | 0in,16.9mm | 0.67in,0.0mm | 0in,0.0mm | 0in,0.0mm | 0in,0.0mm | 0in,14.0kmh | 8.7mph,8.63kmh | 5.36mph,4.0kmh | 2.49mph,19.0kmh | 11.81mph,11.63kmh | 7.23mph,5.0kmh | 3.11mph,7.0mb,0.56mb,0.0mb
delhi,2014,october,37.0°C (98.6°F),33.55°C (92.39°F),31.0°C (87.8°F),33.0°C (91.4°F),29.23°C (84.61°F),27.0°C (80.6°F),25.0°C (77.0°F),20.81°C (69.46°F),18.0°C (64.4°F),17.0°C (62.6°F),11.65°C (52.97°F),5.0°C (41.0°F),0.4mm | 0.02in,0.02mm | 0.0in,0.0mm | 0in,0.5mm | 0.02in,0.0mm | 0in,0.0mm | 0in,0.0mm | 0in,0.0mm | 0in,10.0kmh | 6.21mph,6.16kmh | 3.83mph,3.0kmh | 1.86mph,14.0kmh | 8.7mph,8.52kmh | 5.29mph,5.0kmh | 3.11mph,0.4mb,0.02mb,0.0mb
delhi,2014,november,31.0°C (87.8°F),28.23°C (82.81°F),25.0°C (77.0°F),27.0°C (80.6°F),23.53°C (74.35°F),20.0°C (68.0°F),20.0°C (68.0°F),15.8°C (60.44°F),13.0°C (55.4°F),13.0°C (55.4°F),3.7°C (38.66°F),-3.0°C (26.6°F),0.0mm | 0in,0.0mm | 0in,0.0mm | 0in,0.0mm | 0in,0.0mm | 0in,0.0mm | 0in,0.0mm | 0in,0.0mm | 0in,12.0kmh | 7.46mph,9.1kmh | 5.65mph,3.0kmh | 1.86mph,21.0kmh | 13.05mph,12.97kmh | 8.06mph,5.0kmh | 3.11mph,0.0mb,0.0mb,0.0mb
delhi,2014,december,27.0°C (80.6°F),21.81°C (71.26°F),18.0°C (64.4°F),22.0°C (71.6°F),16.68°C (62.02°F),13.0°C (55.4°F),15.0°C (59.0°F),9.87°C (49.77°F),4.0°C (39.2°F),13.0°C (55.4°F),2.48°C (36.46°F),-6.0°C (21.2°F),0.0mm | 0in,0.0mm | 0in,0.0mm | 0in,0.0mm | 0in,0.0mm | 0in,0.0mm | 0in,0.0mm | 0in,0.0mm | 0in,15.0kmh | 9.32mph,9.16kmh | 5.69mph,4.0kmh | 2.49mph,23.0kmh | 14.29mph,14.03kmh | 8.72mph,7.0kmh | 4.35mph,0.0mb,0.0mb,0.0mb
delhi,2015,january,23.0°C (73.4°F),19.81°C (67.66°F),16.0°C (60.8°F),17.0°C (62.6°F),14.65°C (58.37°F),13.0°C (55.4°F),11.0°C (51.8°F),7.74°C (45.93°F),4.0°C (39.2°F),12.0°C (53.6°F),5.35°C (41.63°F),-2.0°C (28.4°F),0.1mm | 0.0in,0.01mm | 0.0in,0.0mm | 0in,0.3mm | 0.01in,0.0mm | 0in,0.0mm | 0in,0.0mm | 0in,0.0mm | 0in,16.0kmh | 9.94mph,9.42kmh | 5.85mph,5.0kmh | 3.11mph,24.0kmh | 14.91mph,14.71kmh | 9.14mph,8.0kmh | 4.97mph,0.1mb,0.01mb,0.0mb
delhi,2015,february,30.0°C (86.0°F),25.68°C (78.22°F),22.0°C (71.6°F),25.0°C (77.0°F),20.54°C (68.97°F),16.0°C (60.8°F),17.0°C (62.6°F),11.82°C (53.28°F),8.0°C (46.4°F),15.0°C (59.0°F),6.71°C (44.08°F),-3.0°C (26.6°F),6.1mm | 0.24in,0.23mm | 0.01in,0.0mm | 0in,6.4mm | 0.25in,0.0mm | 0in,0.0mm | 0in,0.0mm | 0in,0.0mm | 0in,15.0kmh | 9.32mph,9.82kmh | 6.1mph,5.0kmh | 3.11mph,25.0kmh | 15.53mph,16.14kmh | 10.03mph,8.0kmh | 4.97mph,6.1mb,0.23mb,0.0mb
delhi,2015,march,36.0°C (96.8°F),29.03°C (84.25°F),17.0°C (62.6°F),32.0°C (89.6°F),24.74°C (76.53°F),16.0°C (60.8°F),23.0°C (73.4°F),16.03°C (60.85°F),10.0°C (50.0°F),16.0°C (60.8°F),9.26°C (48.67°F),3.0°C (37.4°F),7.1mm | 0.28in,0.39mm | 0.02in,0.0mm | 0in,12.1mm | 0.48in,0.0mm | 0in,0.0mm | 0in,0.0mm | 0in,0.0mm | 0in,30.0kmh | 18.64mph,10.81kmh | 6.72mph,6.0kmh | 3.73mph,46.0kmh | 28.58mph,16.65kmh | 10.35mph,8.0kmh | 4.97mph,7.1mb,0.39mb,0.0mb
delhi,2015,april,41.0°C (105.8°F),35.63°C (96.13°F),24.0°C (75.2°F),38.0°C (100.4°F),32.37°C (90.27°F),22.0°C (71.6°F),30.0°C (86.0°F),23.93°C (75.07°F),18.0°C (64.4°F),15.0°C (59.0°F),9.0°C (48.2°F),0.0°C (0°F),11.8mm | 0.46in,0.42mm | 0.02in,0.0mm | 0in,12.6mm | 0.5in,0.0mm | 0in,0.0mm | 0in,0.0mm | 0in,0.0mm | 0in,18.0kmh | 11.18mph,10.47kmh | 6.51mph,4.0kmh | 2.49mph,21.0kmh | 13.05mph,13.47kmh | 8.37mph,7.0kmh | 4.35mph,11.8mb,0.42mb,0.0mb
delhi,2015,may,46.0°C (114.8°F),41.84°C (107.31°F),36.0°C (96.8°F),42.0°C (107.6°F),38.9°C (102.02°F),34.0°C (93.2°F),34.0°C (93.2°F),30.0°C (86.0°F),27.0°C (80.6°F),19.0°C (66.2°F),5.1°C (41.18°F),-6.0°C (21.2°F),0.6mm | 0.02in,0.02mm | 0.0in,0.0mm | 0in,0.7mm | 0.03in,0.0mm | 0in,0.0mm | 0in,0.0mm | 0in,0.0mm | 0in,20.0kmh | 12.43mph,11.26kmh | 7.0mph,5.0kmh | 3.11mph,27.0kmh | 16.78mph,14.16kmh | 8.8mph,5.0kmh | 3.11mph,0.6mb,0.02mb,0.0mb
delhi,2015,june,45.0°C (113.0°F),39.8°C (103.64°F),32.0°C (89.6°F),42.0°C (107.6°F),37.53°C (99.55°F),30.0°C (86.0°F),35.0°C (95.0°F),31.3°C (88.34°F),26.0°C (78.8°F),23.0°C (73.4°F),14.97°C (58.95°F),8.0°C (46.4°F),30.8mm | 1.21in,1.18mm | 0.05in,0.0mm | 0in,35.5mm | 1.4in,0.0mm | 0in,0.0mm | 0in,0.0mm | 0in,0.0mm | 0in,20.0kmh | 12.43mph,11.7kmh | 7.27mph,5.0kmh | 3.11mph,26.0kmh | 16.16mph,14.07kmh | 8.74mph,5.0kmh | 3.11mph,30.8mb,1.18mb,0.0mb
delhi,2015,july,40.0°C (104.0°F),35.9°C (96.62°F),26.0°C (78.8°F),38.0°C (100.4°F),33.58°C (92.44°F),25.0°C (77.0°F),33.0°C (91.4°F),28.61°C (83.5°F),24.0°C (75.2°F),25.0°C (77.0°F),21.94°C (71.49°F),18.0°C (64.4°F),47.2mm | 1.86in,2.43mm | 0.1in,0.0mm | 0in,75.3mm | 2.96in,0.0mm | 0in,0.0mm | 0in,0.0mm | 0in,0.0mm | 0in,26.0kmh | 16.16mph,13.23kmh | 8.22mph,5.0kmh | 3.11mph,32.0kmh | 19.88mph,16.26kmh | 10.1mph,5.0kmh | 3.11mph,47.2mb,2.43mb,0.0mb
delhi,2015,august,39.0°C (102.2°F),35.94°C (96.69°F),32.0°C (89.6°F),36.0°C (96.8°F),33.42°C (92.16°F),31.0°C (87.8°F),30.0°C (86.0°F),28.32°C (82.98°F),27.0°C (80.6°F),26.0°C (78.8°F),22.35°C (72.23°F),17.0°C (62.6°F),9.9mm | 0.39in,0.87mm | 0.03in,0.0mm | 0in,27.0mm | 1.06in,0.0mm | 0in,0.0mm | 0in,0.0mm | 0in,0.0mm | 0in,17.0kmh | 10.56mph,9.58kmh | 5.95mph,5.0kmh | 3.11mph,23.0kmh | 14.29mph,12.48kmh | 7.75mph,6.0kmh | 3.73mph,9.9mb,0.87mb,0.0mb
delhi,2015,september,39.0°C (102.2°F),35.97°C (96.75°F),33.0°C (91.4°F),36.0°C (96.8°F),32.8°C (91.04°F),30.0°C (86.0°F),29.0°C (84.2°F),25.9°C (78.62°F),24.0°C (75.2°F),24.0°C (75.2°F),17.53°C (63.55°F),11.0°C (51.8°F),4.5mm | 0.18in,0.55mm | 0.02in,0.0mm | 0in,16.5mm | 0.65in,0.0mm | 0in,0.0mm | 0in,0.0mm | 0in,0.0mm | 0in,15.0kmh | 9.32mph,9.6kmh | 5.97mph,4.0kmh | 2.49mph,20.0kmh | 12.43mph,12.67kmh | 7.87mph,5.0kmh | 3.11mph,4.5mb,0.55mb,0.0mb
delhi,2015,october,38.0°C (100.4°F),34.13°C (93.43°F),27.0°C (80.6°F),33.0°C (91.4°F),30.35°C (86.63°F),25.0°C (77.0°F),26.0°C (78.8°F),23.35°C (74.03°F),19.0°C (66.2°F),18.0°C (64.4°F),11.65°C (52.97°F),4.0°C (39.2°F),0.8mm | 0.03in,0.03mm | 0.0in,0.0mm | 0in,0.9mm | 0.04in,0.0mm | 0in,0.0mm | 0in,0.0mm | 0in,0.0mm | 0in,11.0kmh | 6.84mph,7.84kmh | 4.87mph,4.0kmh | 2.49mph,16.0kmh | 9.94mph,10.29kmh | 6.39mph,6.0kmh | 3.73mph,0.8mb,0.03mb,0.0mb
delhi,2015,november,31.0°C (87.8°F),28.87°C (83.97°F),26.0°C (78.8°F),27.0°C (80.6°F),25.27°C (77.49°F),22.0°C (71.6°F),22.0°C (71.6°F),18.87°C (65.97°F),16.0°C (60.8°F),16.0°C (60.8°F),7.1°C (44.78°F),-1.0°C (30.2°F),0.1mm | 0.0in,0.0mm | 0in,0.0mm | 0in,0.1mm | 0.0in,0.0mm | 0in,0.0mm | 0in,0.0mm | 0in,0.0mm | 0in,13.0kmh | 8.08mph,8.07kmh | 5.01mph,5.0kmh | 3.11mph,17.0kmh | 10.56mph,10.93kmh | 6.79mph,7.0kmh | 4.35mph,0.1mb,0.0mb,0.0mb
delhi,2015,december,28.0°C (82.4°F),23.0°C (73.4°F),19.0°C (66.2°F),23.0°C (73.4°F),18.58°C (65.44°F),14.0°C (57.2°F),18.0°C (64.4°F),12.61°C (54.7°F),8.0°C (46.4°F),12.0°C (53.6°F),2.81°C (37.06°F),-6.0°C (21.2°F),0.0mm | 0in,0.0mm | 0in,0.0mm | 0in,0.0mm | 0in,0.0mm | 0in,0.0mm | 0in,0.0mm | 0in,0.0mm | 0in,14.0kmh | 8.7mph,8.61kmh | 5.35mph,3.0kmh | 1.86mph,20.0kmh | 12.43mph,12.32kmh | 7.66mph,5.0kmh | 3.11mph,0.0mb,0.0mb,0.0mb
delhi,2016,january,26.0°C (78.8°F),22.16°C (71.89°F),19.0°C (66.2°F),21.0°C (69.8°F),16.71°C (62.08°F),13.0°C (55.4°F),15.0°C (59.0°F),9.74°C (49.53°F),5.0°C (41.0°F),11.0°C (51.8°F),5.84°C (42.51°F),-3.0°C (26.6°F),0.1mm | 0.0in,0.0mm | 0in,0.0mm | 0in,0.1mm | 0.0in,0.0mm | 0in,0.0mm | 0in,0.0mm | 0in,0.0mm | 0in,13.0kmh | 8.08mph,7.0kmh | 4.35mph,3.0kmh | 1.86mph,21.0kmh | 13.05mph,11.16kmh | 6.93mph,4.0kmh | 2.49mph,0.1mb,0.0mb,0.0mb
delhi,2016,february,31.0°C (87.8°F),25.9°C (78.62°F),19.0°C (66.2°F),27.0°C (80.6°F),20.41°C (68.74°F),16.0°C (60.8°F),18.0°C (64.4°F),11.55°C (52.79°F),7.0°C (44.6°F),14.0°C (57.2°F),4.9°C (40.82°F),-1.0°C (30.2°F),0.3mm | 0.01in,0.01mm | 0.0in,0.0mm | 0in,0.3mm | 0.01in,0.0mm | 0in,0.0mm | 0in,0.0mm | 0in,0.0mm | 0in,16.0kmh | 9.94mph,9.0kmh | 5.59mph,4.0kmh | 2.49mph,22.0kmh | 13.67mph,14.07kmh | 8.74mph,6.0kmh | 3.73mph,0.3mb,0.01mb,0.0mb
delhi,2016,march,38.0°C (100.4°F),32.45°C (90.41°F),29.0°C (84.2°F),34.0°C (93.2°F),27.87°C (82.17°F),24.0°C (75.2°F),24.0°C (75.2°F),18.23°C (64.81°F),15.0°C (59.0°F),14.0°C (57.2°F),7.23°C (45.01°F),-1.0°C (30.2°F),1.8mm | 0.07in,0.11mm | 0.0in,0.0mm | 0in,3.3mm | 0.13in,0.0mm | 0in,0.0mm | 0in,0.0mm | 0in,0.0mm | 0in,20.0kmh | 12.43mph,9.84kmh | 6.11mph,4.0kmh | 2.49mph,28.0kmh | 17.4mph,15.23kmh | 9.46mph,7.0kmh | 4.35mph,1.8mb,0.11mb,0.0mb
delhi,2016,april,41.0°C (105.8°F),38.47°C (101.25°F),35.0°C (95.0°F),38.0°C (100.4°F),34.87°C (94.77°F),32.0°C (89.6°F),28.0°C (82.4°F),25.0°C (77.0°F),23.0°C (73.4°F),10.0°C (50.0°F),3.53°C (38.35°F),-4.0°C (24.8°F),0.3mm | 0.01in,0.02mm | 0.0in,0.0mm | 0in,0.7mm | 0.03in,0.0mm | 0in,0.0mm | 0in,0.0mm | 0in,0.0mm | 0in,19.0kmh | 11.81mph,10.9kmh | 6.77mph,7.0kmh | 4.35mph,24.0kmh | 14.91mph,14.37kmh | 8.93mph,10.0kmh | 6.21mph,0.3mb,0.02mb,0.0mb
delhi,2016,may,46.0°C (114.8°F),40.94°C (105.69°F),33.0°C (91.4°F),43.0°C (109.4°F),38.19°C (100.74°F),33.0°C (91.4°F),33.0°C (91.4°F),30.13°C (86.23°F),28.0°C (82.4°F),19.0°C (66.2°F),11.13°C (52.03°F),-5.0°C (23.0°F),1.3mm | 0.05in,0.21mm | 0.01in,0.0mm | 0in,6.5mm | 0.26in,0.0mm | 0in,0.0mm | 0in,0.0mm | 0in,0.0mm | 0in,15.0kmh | 9.32mph,10.06kmh | 6.25mph,6.0kmh | 3.73mph,19.0kmh | 11.81mph,12.42kmh | 7.72mph,7.0kmh | 4.35mph,1.3mb,0.21mb,0.0mb
delhi,2016,june,45.0°C (113.0°F),41.33°C (106.39°F),37.0°C (98.6°F),42.0°C (107.6°F),38.57°C (101.43°F),35.0°C (95.0°F),33.0°C (91.4°F),31.73°C (89.11°F),30.0°C (86.0°F),23.0°C (73.4°F),18.4°C (65.12°F),12.0°C (53.6°F),6.9mm | 0.27in,0.73mm | 0.03in,0.0mm | 0in,21.9mm | 0.86in,0.0mm | 0in,0.0mm | 0in,0.0mm | 0in,0.0mm | 0in,15.0kmh | 9.32mph,10.03kmh | 6.23mph,5.0kmh | 3.11mph,18.0kmh | 11.18mph,11.97kmh | 7.44mph,6.0kmh | 3.73mph,6.9mb,0.73mb,0.0mb
delhi,2016,july,40.0°C (104.0°F),35.65°C (96.17°F),32.0°C (89.6°F),38.0°C (100.4°F),33.42°C (92.16°F),29.0°C (84.2°F),33.0°C (91.4°F),29.03°C (84.25°F),26.0°C (78.8°F),26.0°C (78.8°F),24.0°C (75.2°F),23.0°C (73.4°F),9.1mm | 0.36in,1.91mm | 0.08in,0.0mm | 0in,59.3mm | 2.33in,0.0mm | 0in,0.0mm | 0in,0.0mm | 0in,0.0mm | 0in,12.0kmh | 7.46mph,7.84kmh | 4.87mph,5.0kmh | 3.11mph,15.0kmh | 9.32mph,9.74kmh | 6.05mph,6.0kmh | 3.73mph,9.1mb,1.91mb,0.0mb
delhi,2016,august,37.0°C (98.6°F),34.68°C (94.42°F),31.0°C (87.8°F),34.0°C (93.2°F),32.06°C (89.71°F),30.0°C (86.0°F),30.0°C (86.0°F),27.29°C (81.12°F),26.0°C (78.8°F),25.0°C (77.0°F),23.87°C (74.97°F),22.0°C (71.6°F),8.6mm | 0.34in,1.26mm | 0.05in,0.0mm | 0in,39.2mm | 1.54in,0.0mm | 0in,0.0mm | 0in,0.0mm | 0in,0.0mm | 0in,16.0kmh | 9.94mph,9.45kmh | 5.87mph,3.0kmh | 1.86mph,21.0kmh | 13.05mph,12.26kmh | 7.62mph,4.0kmh | 2.49mph,8.6mb,1.26mb,0.0mb
delhi,2016,september,37.0°C (98.6°F),36.0°C (96.8°F),33.0°C (91.4°F),34.0°C (93.2°F),32.77°C (90.99°F),31.0°C (87.8°F),28.0°C (82.4°F),26.4°C (79.52°F),25.0°C (77.0°F),24.0°C (75.2°F),20.0°C (68.0°F),17.0°C (62.6°F),1.5mm | 0.06in,0.1mm | 0.0in,0.0mm | 0in,2.9mm | 0.11in,0.0mm | 0in,0.0mm | 0in,0.0mm | 0in,0.0mm | 0in,14.0kmh | 8.7mph,7.83kmh | 4.87mph,4.0kmh | 2.49mph,19.0kmh | 11.81mph,10.8kmh | 6.71mph,5.0kmh | 3.11mph,1.5mb,0.1mb,0.0mb
delhi,2016,october,38.0°C (100.4°F),35.23°C (95.41°F),31.0°C (87.8°F),34.0°C (93.2°F),30.58°C (87.04°F),27.0°C (80.6°F),28.0°C (82.4°F),22.81°C (73.06°F),18.0°C (64.4°F),21.0°C (69.8°F),9.03°C (48.25°F),0.0°C (0°F),0.0mm | 0in,0.0mm | 0in,0.0mm | 0in,0.0mm | 0in,0.0mm | 0in,0.0mm | 0in,0.0mm | 0in,0.0mm | 0in,12.0kmh | 7.46mph,7.0kmh | 4.35mph,2.0kmh | 1.24mph,16.0kmh | 9.94mph,9.94kmh | 6.18mph,4.0kmh | 2.49mph,0.0mb,0.0mb,0.0mb
delhi,2016,november,32.0°C (89.6°F),29.7°C (85.46°F),27.0°C (80.6°F),27.0°C (80.6°F),24.67°C (76.41°F),22.0°C (71.6°F),19.0°C (66.2°F),17.13°C (62.83°F),15.0°C (59.0°F),11.0°C (51.8°F),2.0°C (35.6°F),-4.0°C (24.8°F),0.0mm | 0in,0.0mm | 0in,0.0mm | 0in,0.0mm | 0in,0.0mm | 0in,0.0mm | 0in,0.0mm | 0in,0.0mm | 0in,16.0kmh | 9.94mph,8.27kmh | 5.14mph,4.0kmh | 2.49mph,23.0kmh | 14.29mph,12.07kmh | 7.5mph,6.0kmh | 3.73mph,0.0mb,0.0mb,0.0mb
delhi,2016,december,28.0°C (82.4°F),24.81°C (76.66°F),22.0°C (71.6°F),23.0°C (73.4°F),19.32°C (66.78°F),17.0°C (62.6°F),17.0°C (62.6°F),12.68°C (54.82°F),10.0°C (50.0°F),13.0°C (55.4°F),3.94°C (39.09°F),-5.0°C (23.0°F),0.0mm | 0in,0.0mm | 0in,0.0mm | 0in,0.0mm | 0in,0.0mm | 0in,0.0mm | 0in,0.0mm | 0in,0.0mm | 0in,13.0kmh | 8.08mph,7.84kmh | 4.87mph,3.0kmh | 1.86mph,20.0kmh | 12.43mph,11.81kmh | 7.34mph,4.0kmh | 2.49mph,0.0mb,0.0mb,0.0mb
delhi,2017,january,27.0°C (80.6°F),21.19°C (70.14°F),17.0°C (62.6°F),22.0°C (71.6°F),15.87°C (60.57°F),11.0°C (51.8°F),15.0°C (59.0°F),9.58°C (49.24°F),5.0°C (41.0°F),13.0°C (55.4°F),6.06°C (42.91°F),-4.0°C (24.8°F),4.4mm | 0.17in,0.18mm | 0.01in,0.0mm | 0in,5.7mm | 0.22in,0.0mm | 0in,0.0mm | 0in,0.0mm | 0in,0.0mm | 0in,12.0kmh | 7.46mph,8.68kmh | 5.39mph,3.0kmh | 1.86mph,21.0kmh | 13.05mph,14.23kmh | 8.84mph,6.0kmh | 3.73mph,4.4mb,0.18mb,0.0mb
delhi,2017,february,31.0°C (87.8°F),25.86°C (78.55°F),21.0°C (69.8°F),25.0°C (77.0°F),20.07°C (68.13°F),16.0°C (60.8°F),16.0°C (60.8°F),11.61°C (52.9°F),8.0°C (46.4°F),11.0°C (51.8°F),5.86°C (42.55°F),-4.0°C (24.8°F),0.0mm | 0in,0.0mm | 0in,0.0mm | 0in,0.0mm | 0in,0.0mm | 0in,0.0mm | 0in,0.0mm | 0in,0.0mm | 0in,17.0kmh | 10.56mph,9.75kmh | 6.06mph,4.0kmh | 2.49mph,27.0kmh | 16.78mph,16.11kmh | 10.01mph,7.0kmh | 4.35mph,0.0mb,0.0mb,0.0mb
delhi,2017,march,41.0°C (105.8°F),31.87°C (89.37°F),23.0°C (73.4°F),36.0°C (96.8°F),26.74°C (80.13°F),19.0°C (66.2°F),26.0°C (78.8°F),16.35°C (61.43°F),9.0°C (48.2°F),12.0°C (53.6°F),4.03°C (39.25°F),-1.0°C (30.2°F),1.1mm | 0.04in,0.06mm | 0.0in,0.0mm | 0in,2.0mm | 0.08in,0.0mm | 0in,0.0mm | 0in,0.0mm | 0in,0.0mm | 0in,16.0kmh | 9.94mph,10.84kmh | 6.74mph,7.0kmh | 4.35mph,24.0kmh | 14.91mph,16.81kmh | 10.45mph,11.0kmh | 6.84mph,1.1mb,0.06mb,0.0mb
delhi,2017,april,44.0°C (111.2°F),39.87°C (103.77°F),34.0°C (93.2°F),40.0°C (104.0°F),35.47°C (95.85°F),30.0°C (86.0°F),29.0°C (84.2°F),25.07°C (77.13°F),19.0°C (66.2°F),13.0°C (55.4°F),4.07°C (39.33°F),-6.0°C (21.2°F),1.6mm | 0.06in,0.1mm | 0.0in,0.0mm | 0in,3.0mm | 0.12in,0.0mm | 0in,0.0mm | 0in,0.0mm | 0in,0.0mm | 0in,20.0kmh | 12.43mph,11.2kmh | 6.96mph,6.0kmh | 3.73mph,26.0kmh | 16.16mph,15.1kmh | 9.38mph,8.0kmh | 4.97mph,1.6mb,0.1mb,0.0mb
delhi,2017,may,45.0°C (113.0°F),41.87°C (107.37°F),38.0°C (100.4°F),42.0°C (107.6°F),38.45°C (101.21°F),34.0°C (93.2°F),32.0°C (89.6°F),29.45°C (85.01°F),25.0°C (77.0°F),17.0°C (62.6°F),10.58°C (51.04°F),1.0°C (33.8°F),0.6mm | 0.02in,0.06mm | 0.0in,0.0mm | 0in,1.9mm | 0.07in,0.0mm | 0in,0.0mm | 0in,0.0mm | 0in,0.0mm | 0in,18.0kmh | 11.18mph,9.77kmh | 6.07mph,5.0kmh | 3.11mph,23.0kmh | 14.29mph,12.32kmh | 7.66mph,7.0kmh | 4.35mph,0.6mb,0.06mb,0.0mb
delhi,2017,june,47.0°C (116.6°F),40.57°C (105.03°F),32.0°C (89.6°F),44.0°C (111.2°F),37.77°C (99.99°F),31.0°C (87.8°F),35.0°C (95.0°F),30.73°C (87.31°F),27.0°C (80.6°F),24.0°C (75.2°F),16.23°C (61.21°F),4.0°C (39.2°F),1.7mm | 0.07in,0.28mm | 0.01in,0.0mm | 0in,8.5mm | 0.33in,0.0mm | 0in,0.0mm | 0in,0.0mm | 0in,0.0mm | 0in,19.0kmh | 11.81mph,9.9kmh | 6.15mph,5.0kmh | 3.11mph,24.0kmh | 14.91mph,11.9kmh | 7.39mph,6.0kmh | 3.73mph,1.7mb,0.28mb,0.0mb
delhi,2017,july,41.0°C (105.8°F),37.0°C (98.6°F),33.0°C (91.4°F),38.0°C (100.4°F),34.55°C (94.19°F),31.0°C (87.8°F),33.0°C (91.4°F),29.58°C (85.24°F),27.0°C (80.6°F),24.0°C (75.2°F),22.55°C (72.59°F),19.0°C (66.2°F),7.9mm | 0.31in,0.96mm | 0.04in,0.0mm | 0in,29.7mm | 1.17in,0.0mm | 0in,0.0mm | 0in,0.0mm | 0in,0.0mm | 0in,18.0kmh | 11.18mph,10.87kmh | 6.75mph,5.0kmh | 3.11mph,22.0kmh | 13.67mph,13.1kmh | 8.14mph,6.0kmh | 3.73mph,7.9mb,0.96mb,0.0mb
delhi,2017,august,40.0°C (104.0°F),36.39°C (97.5°F),32.0°C (89.6°F),37.0°C (98.6°F),33.87°C (92.97°F),31.0°C (87.8°F),31.0°C (87.8°F),29.32°C (84.78°F),27.0°C (80.6°F),25.0°C (77.0°F),22.23°C (72.01°F),18.0°C (64.4°F),7.6mm | 0.3in,0.99mm | 0.04in,0.0mm | 0in,30.7mm | 1.21in,0.0mm | 0in,0.0mm | 0in,0.0mm | 0in,0.0mm | 0in,20.0kmh | 12.43mph,10.19kmh | 6.33mph,5.0kmh | 3.11mph,25.0kmh | 15.53mph,12.48kmh | 7.75mph,6.0kmh | 3.73mph,7.6mb,0.99mb,0.0mb
delhi,2017,september,38.0°C (100.4°F),35.33°C (95.59°F),25.0°C (77.0°F),35.0°C (95.0°F),32.53°C (90.55°F),24.0°C (75.2°F),30.0°C (86.0°F),27.5°C (81.5°F),23.0°C (73.4°F),24.0°C (75.2°F),19.33°C (66.79°F),13.0°C (55.4°F),7.8mm | 0.31in,0.28mm | 0.01in,0.0mm | 0in,8.5mm | 0.33in,0.0mm | 0in,0.0mm | 0in,0.0mm | 0in,0.0mm | 0in,14.0kmh | 8.7mph,7.47kmh | 4.64mph,4.0kmh | 2.49mph,18.0kmh | 11.18mph,9.07kmh | 5.64mph,5.0kmh | 3.11mph,7.8mb,0.28mb,0.0mb
delhi,2017,october,38.0°C (100.4°F),35.0°C (95.0°F),28.0°C (82.4°F),34.0°C (93.2°F),31.35°C (88.43°F),27.0°C (80.6°F),27.0°C (80.6°F),25.26°C (77.47°F),22.0°C (71.6°F),18.0°C (64.4°F),11.52°C (52.74°F),4.0°C (39.2°F),0.0mm | 0in,0.0mm | 0in,0.0mm | 0in,0.0mm | 0in,0.0mm | 0in,0.0mm | 0in,0.0mm | 0in,0.0mm | 0in,8.0kmh | 4.97mph,5.94kmh | 3.69mph,4.0kmh | 2.49mph,9.0kmh | 5.59mph,6.9kmh | 4.29mph,5.0kmh | 3.11mph,0.0mb,0.0mb,0.0mb
delhi,2017,november,33.0°C (91.4°F),28.4°C (83.12°F),25.0°C (77.0°F),28.0°C (82.4°F),24.8°C (76.64°F),21.0°C (69.8°F),23.0°C (73.4°F),19.3°C (66.74°F),15.0°C (59.0°F),16.0°C (60.8°F),4.83°C (40.69°F),-7.0°C (19.4°F),0.0mm | 0in,0.0mm | 0in,0.0mm | 0in,0.0mm | 0in,0.0mm | 0in,0.0mm | 0in,0.0mm | 0in,0.0mm | 0in,11.0kmh | 6.84mph,7.27kmh | 4.52mph,3.0kmh | 1.86mph,15.0kmh | 9.32mph,8.7kmh | 5.41mph,4.0kmh | 2.49mph,0.0mb,0.0mb,0.0mb
delhi,2017,december,27.0°C (80.6°F),24.13°C (75.43°F),21.0°C (69.8°F),23.0°C (73.4°F),20.29°C (68.52°F),17.0°C (62.6°F),18.0°C (64.4°F),14.94°C (58.89°F),12.0°C (53.6°F),12.0°C (53.6°F),1.71°C (35.08°F),-5.0°C (23.0°F),0.2mm | 0.01in,0.01mm | 0.0in,0.0mm | 0in,0.2mm | 0.01in,0.0mm | 0in,0.0mm | 0in,0.0mm | 0in,0.0mm | 0in,14.0kmh | 8.7mph,7.03kmh | 4.37mph,3.0kmh | 1.86mph,16.0kmh | 9.94mph,8.84kmh | 5.49mph,4.0kmh | 2.49mph,0.2mb,0.01mb,0.0mb
delhi,2018,january,26.0°C (78.8°F),21.84°C (71.31°F),15.0°C (59.0°F),20.0°C (68.0°F),17.1°C (62.78°F),14.0°C (57.2°F),13.0°C (55.4°F),10.68°C (51.22°F),9.0°C (48.2°F),11.0°C (51.8°F),5.03°C (41.05°F),-0.0°C (0°F),1.6mm | 0.06in,0.05mm | 0.0in,0.0mm | 0in,1.6mm | 0.06in,0.0mm | 0in,0.0mm | 0in,0.0mm | 0in,0.0mm | 0in,16.0kmh | 9.94mph,7.35kmh | 4.57mph,3.0kmh | 1.86mph,25.0kmh | 15.53mph,9.35kmh | 5.81mph,4.0kmh | 2.49mph,1.6mb,0.05mb,0.0mb
delhi,2018,february,31.0°C (87.8°F),26.32°C (79.38°F),20.0°C (68.0°F),27.0°C (80.6°F),21.75°C (71.15°F),18.0°C (64.4°F),21.0°C (69.8°F),14.46°C (58.03°F),10.0°C (50.0°F),14.0°C (57.2°F),7.82°C (46.08°F),-0.0°C (0°F),0.0mm | 0in,0.0mm | 0in,0.0mm | 0in,0.0mm | 0in,0.0mm | 0in,0.0mm | 0in,0.0mm | 0in,0.0mm | 0in,14.0kmh | 8.7mph,7.86kmh | 4.88mph,3.0kmh | 1.86mph,19.0kmh | 11.81mph,10.79kmh | 6.7mph,4.0kmh | 2.49mph,0.0mb,0.0mb,0.0mb
delhi,2018,march,39.0°C (102.2°F),33.77°C (92.79°F),29.0°C (84.2°F),34.0°C (93.2°F),28.94°C (84.09°F),24.0°C (75.2°F),24.0°C (75.2°F),19.74°C (67.53°F),16.0°C (60.8°F),12.0°C (53.6°F),5.94°C (42.69°F),-3.0°C (26.6°F),0.5mm | 0.02in,0.02mm | 0.0in,0.0mm | 0in,0.7mm | 0.03in,0.0mm | 0in,0.0mm | 0in,0.0mm | 0in,0.0mm | 0in,11.0kmh | 6.84mph,8.23kmh | 5.11mph,4.0kmh | 2.49mph,14.0kmh | 8.7mph,10.48kmh | 6.51mph,6.0kmh | 3.73mph,0.5mb,0.02mb,0.0mb
delhi,2018,april,43.0°C (109.4°F),38.77°C (101.79°F),35.0°C (95.0°F),39.0°C (102.2°F),35.27°C (95.49°F),32.0°C (89.6°F),31.0°C (87.8°F),26.77°C (80.19°F),22.0°C (71.6°F),14.0°C (57.2°F),7.87°C (46.17°F),-4.0°C (24.8°F),0.6mm | 0.02in,0.03mm | 0.0in,0.0mm | 0in,1.0mm | 0.04in,0.0mm | 0in,0.0mm | 0in,0.0mm | 0in,0.0mm | 0in,19.0kmh | 11.81mph,9.8kmh | 6.09mph,5.0kmh | 3.11mph,23.0kmh | 14.29mph,11.77kmh | 7.31mph,6.0kmh | 3.73mph,0.6mb,0.03mb,0.0mb
delhi,2018,may,46.0°C (114.8°F),42.32°C (108.18°F),35.0°C (95.0°F),43.0°C (109.4°F),39.19°C (102.54°F),33.0°C (91.4°F),34.0°C (93.2°F),31.35°C (88.43°F),27.0°C (80.6°F),16.0°C (60.8°F),8.1°C (46.58°F),-6.0°C (21.2°F),1.1mm | 0.04in,0.04mm | 0.0in,0.0mm | 0in,1.3mm | 0.05in,0.0mm | 0in,0.0mm | 0in,0.0mm | 0in,0.0mm | 0in,15.0kmh | 9.32mph,9.06kmh | 5.63mph,5.0kmh | 3.11mph,17.0kmh | 10.56mph,10.39kmh | 6.46mph,5.0kmh | 3.11mph,1.1mb,0.04mb,0.0mb
delhi,2018,june,46.0°C (114.8°F),41.57°C (106.83°F),35.0°C (95.0°F),43.0°C (109.4°F),39.07°C (102.33°F),33.0°C (91.4°F),37.0°C (98.6°F),33.03°C (91.45°F),28.0°C (82.4°F),23.0°C (73.4°F),18.3°C (64.94°F),13.0°C (55.4°F),16.1mm | 0.63in,1.01mm | 0.04in,0.0mm | 0in,30.2mm | 1.19in,0.0mm | 0in,0.0mm | 0in,0.0mm | 0in,0.0mm | 0in,19.0kmh | 11.81mph,11.47kmh | 7.13mph,4.0kmh | 2.49mph,23.0kmh | 14.29mph,13.4kmh | 8.33mph,5.0kmh | 3.11mph,16.1mb,1.01mb,0.0mb
delhi,2018,july,42.0°C (107.6°F),36.9°C (98.42°F),28.0°C (82.4°F),40.0°C (104.0°F),34.74°C (94.53°F),27.0°C (80.6°F),34.0°C (93.2°F),30.03°C (86.05°F),26.0°C (78.8°F),25.0°C (77.0°F),23.0°C (73.4°F),18.0°C (64.4°F),29.3mm | 1.15in,2.79mm | 0.11in,0.0mm | 0in,86.4mm | 3.4in,0.0mm | 0in,0.0mm | 0in,0.0mm | 0in,0.0mm | 0in,14.0kmh | 8.7mph,8.68kmh | 5.39mph,5.0kmh | 3.11mph,17.0kmh | 10.56mph,10.45kmh | 6.49mph,6.0kmh | 3.73mph,29.3mb,2.79mb,0.0mb
delhi,2018,august,39.0°C (102.2°F),35.71°C (96.28°F),30.0°C (86.0°F),36.0°C (96.8°F),33.35°C (92.03°F),29.0°C (84.2°F),32.0°C (89.6°F),28.94°C (84.09°F),27.0°C (80.6°F),25.0°C (77.0°F),23.39°C (74.1°F),22.0°C (71.6°F),15.2mm | 0.6in,1.22mm | 0.05in,0.0mm | 0in,37.9mm | 1.49in,0.0mm | 0in,0.0mm | 0in,0.0mm | 0in,0.0mm | 0in,15.0kmh | 9.32mph,8.48kmh | 5.27mph,2.0kmh | 1.24mph,19.0kmh | 11.81mph,10.48kmh | 6.51mph,3.0kmh | 1.86mph,15.2mb,1.22mb,0.0mb
delhi,2018,september,37.0°C (98.6°F),34.0°C (93.2°F),27.0°C (80.6°F),33.0°C (91.4°F),31.17°C (88.11°F),26.0°C (78.8°F),29.0°C (84.2°F),26.43°C (79.57°F),23.0°C (73.4°F),24.0°C (75.2°F),22.03°C (71.65°F),19.0°C (66.2°F),13.1mm | 0.52in,1.85mm | 0.07in,0.0mm | 0in,55.5mm | 2.19in,0.0mm | 0in,0.0mm | 0in,0.0mm | 0in,0.0mm | 0in,21.0kmh | 13.05mph,8.97kmh | 5.57mph,4.0kmh | 2.49mph,29.0kmh | 18.02mph,11.07kmh | 6.88mph,4.0kmh | 2.49mph,13.1mb,1.85mb,0.0mb
delhi,2018,october,37.0°C (98.6°F),33.35°C (92.03°F),31.0°C (87.8°F),33.0°C (91.4°F),29.97°C (85.95°F),28.0°C (82.4°F),27.0°C (80.6°F),24.26°C (75.67°F),22.0°C (71.6°F),20.0°C (68.0°F),13.65°C (56.57°F),7.0°C (44.6°F),0.0mm | 0in,0.0mm | 0in,0.0mm | 0in,0.0mm | 0in,0.0mm | 0in,0.0mm | 0in,0.0mm | 0in,0.0mm | 0in,11.0kmh | 6.84mph,6.23kmh | 3.87mph,4.0kmh | 2.49mph,13.0kmh | 8.08mph,7.42kmh | 4.61mph,4.0kmh | 2.49mph,0.0mb,0.0mb,0.0mb
delhi,2018,november,32.0°C (89.6°F),28.7°C (83.66°F),27.0°C (80.6°F),29.0°C (84.2°F),25.33°C (77.59°F),23.0°C (73.4°F),24.0°C (75.2°F),20.0°C (68.0°F),18.0°C (64.4°F),13.0°C (55.4°F),8.17°C (46.71°F),-5.0°C (23.0°F),0.5mm | 0.02in,0.02mm | 0.0in,0.0mm | 0in,0.6mm | 0.02in,0.0mm | 0in,0.0mm | 0in,0.0mm | 0in,0.0mm | 0in,13.0kmh | 8.08mph,6.93kmh | 4.31mph,3.0kmh | 1.86mph,15.0kmh | 9.32mph,8.27kmh | 5.14mph,4.0kmh | 2.49mph,0.5mb,0.02mb,0.0mb
delhi,2018,december,26.0°C (78.8°F),22.32°C (72.18°F),19.0°C (66.2°F),22.0°C (71.6°F),18.68°C (65.62°F),15.0°C (59.0°F),17.0°C (62.6°F),13.48°C (56.26°F),9.0°C (48.2°F),10.0°C (50.0°F),4.03°C (39.25°F),-1.0°C (30.2°F),3.3mm | 0.13in,0.11mm | 0.0in,0.0mm | 0in,3.3mm | 0.13in,0.0mm | 0in,0.0mm | 0in,0.0mm | 0in,0.0mm | 0in,10.0kmh | 6.21mph,6.23kmh | 3.87mph,3.0kmh | 1.86mph,12.0kmh | 7.46mph,7.32kmh | 4.55mph,4.0kmh | 2.49mph,3.3mb,0.11mb,0.0mb
delhi,2019,january,26.0°C (78.8°F),21.55°C (70.79°F),18.0°C (64.4°F),22.0°C (71.6°F),18.19°C (64.74°F),15.0°C (59.0°F),18.0°C (64.4°F),13.9°C (57.02°F),10.0°C (50.0°F),13.0°C (55.4°F),5.16°C (41.29°F),-1.0°C (30.2°F),21.0mm | 0.83in,0.83mm | 0.03in,0.0mm | 0in,25.8mm | 1.02in,0.0mm | 0in,0.0mm | 0in,0.0mm | 0in,0.0mm | 0in,15.0kmh | 9.32mph,8.65kmh | 5.37mph,3.0kmh | 1.86mph,25.0kmh | 15.53mph,11.58kmh | 7.2mph,5.0kmh | 3.11mph,21.0mb,0.83mb,0.0mb
delhi,2019,february,27.0°C (80.6°F),23.14°C (73.65°F),18.0°C (64.4°F),23.0°C (73.4°F),19.68°C (67.42°F),16.0°C (60.8°F),18.0°C (64.4°F),15.14°C (59.25°F),12.0°C (53.6°F),15.0°C (59.0°F),9.89°C (49.8°F),4.0°C (39.2°F),25.9mm | 1.02in,2.31mm | 0.09in,0.0mm | 0in,64.6mm | 2.54in,0.0mm | 0in,0.0mm | 0in,0.0mm | 0in,0.0mm | 0in,26.0kmh | 16.16mph,9.57kmh | 5.95mph,4.0kmh | 2.49mph,42.0kmh | 26.1mph,13.25kmh | 8.23mph,6.0kmh | 3.73mph,25.9mb,2.31mb,0.0mb
delhi,2019,march,41.0°C (105.8°F),30.16°C (86.29°F),22.0°C (71.6°F),36.0°C (96.8°F),26.32°C (79.38°F),19.0°C (66.2°F),29.0°C (84.2°F),20.55°C (68.99°F),14.0°C (57.2°F),13.0°C (55.4°F),8.68°C (47.62°F),2.0°C (35.6°F),2.4mm | 0.09in,0.14mm | 0.01in,0.0mm | 0in,4.3mm | 0.17in,0.0mm | 0in,0.0mm | 0in,0.0mm | 0in,0.0mm | 0in,16.0kmh | 9.94mph,10.13kmh | 6.29mph,6.0kmh | 3.73mph,21.0kmh | 13.05mph,13.0kmh | 8.08mph,8.0kmh | 4.97mph,2.4mb,0.14mb,0.0mb
delhi,2019,april,46.0°C (114.8°F),40.4°C (104.72°F),29.0°C (84.2°F),43.0°C (109.4°F),36.97°C (98.55°F),26.0°C (78.8°F),37.0°C (98.6°F),31.7°C (89.06°F),23.0°C (73.4°F),15.0°C (59.0°F),6.9°C (44.42°F),-0.0°C (0°F),42.6mm | 1.68in,2.74mm | 0.11in,0.0mm | 0in,82.3mm | 3.24in,0.0mm | 0in,0.0mm | 0in,0.0mm | 0in,0.0mm | 0in,19.0kmh | 11.81mph,10.57kmh | 6.57mph,6.0kmh | 3.73mph,23.0kmh | 14.29mph,12.67kmh | 7.87mph,8.0kmh | 4.97mph,42.6mb,2.74mb,0.0mb
delhi,2019,may,47.0°C (116.6°F),42.97°C (109.35°F),38.0°C (100.4°F),45.0°C (113.0°F),40.13°C (104.23°F),35.0°C (95.0°F),41.0°C (105.8°F),35.0°C (95.0°F),31.0°C (87.8°F),13.0°C (55.4°F),6.48°C (43.66°F),-6.0°C (21.2°F),2.8mm | 0.11in,0.4mm | 0.02in,0.0mm | 0in,12.5mm | 0.49in,0.0mm | 0in,0.0mm | 0in,0.0mm | 0in,0.0mm | 0in,21.0kmh | 13.05mph,13.06kmh | 8.12mph,6.0kmh | 3.73mph,26.0kmh | 16.16mph,15.45kmh | 9.6mph,8.0kmh | 4.97mph,2.8mb,0.4mb,0.0mb
delhi,2019,june,51.0°C (123.8°F),45.63°C (114.13°F),37.0°C (98.6°F),47.0°C (116.6°F),42.47°C (108.45°F),36.0°C (96.8°F),44.0°C (111.2°F),37.83°C (100.09°F),31.0°C (87.8°F),21.0°C (69.8°F),11.3°C (52.34°F),4.0°C (39.2°F),9.6mm | 0.38in,0.43mm | 0.02in,0.0mm | 0in,12.9mm | 0.51in,0.0mm | 0in,0.0mm | 0in,0.0mm | 0in,0.0mm | 0in,23.0kmh | 14.29mph,12.53kmh | 7.79mph,6.0kmh | 3.73mph,28.0kmh | 17.4mph,14.77kmh | 9.18mph,7.0kmh | 4.35mph,9.6mb,0.43mb,0.0mb
delhi,2019,july,47.0°C (116.6°F),39.29°C (102.72°F),33.0°C (91.4°F),45.0°C (113.0°F),36.94°C (98.49°F),31.0°C (87.8°F),41.0°C (105.8°F),33.35°C (92.03°F),28.0°C (82.4°F),24.0°C (75.2°F),21.16°C (70.09°F),13.0°C (55.4°F),53.8mm | 2.12in,8.13mm | 0.32in,0.0mm | 0in,251.9mm | 9.92in,0.0mm | 0in,0.0mm | 0in,0.0mm | 0in,0.0mm | 0in,19.0kmh | 11.81mph,11.42kmh | 7.1mph,4.0kmh | 2.49mph,29.0kmh | 18.02mph,14.71kmh | 9.14mph,5.0kmh | 3.11mph,53.8mb,8.13mb,0.0mb
delhi,2019,august,39.0°C (102.2°F),37.19°C (98.94°F),30.0°C (86.0°F),37.0°C (98.6°F),34.94°C (94.89°F),29.0°C (84.2°F),34.0°C (93.2°F),31.65°C (88.97°F),27.0°C (80.6°F),24.0°C (75.2°F),22.87°C (73.17°F),22.0°C (71.6°F),21.5mm | 0.85in,3.48mm | 0.14in,0.0mm | 0in,107.9mm | 4.25in,0.0mm | 0in,0.0mm | 0in,0.0mm | 0in,0.0mm | 0in,24.0kmh | 14.91mph,10.55kmh | 6.56mph,5.0kmh | 3.11mph,29.0kmh | 18.02mph,12.97kmh | 8.06mph,6.0kmh | 3.73mph,21.5mb,3.48mb,0.0mb
delhi,2019,september,43.0°C (109.4°F),36.33°C (97.39°F),27.0°C (80.6°F),39.0°C (102.2°F),33.97°C (93.15°F),26.0°C (78.8°F),34.0°C (93.2°F),30.43°C (86.77°F),24.0°C (75.2°F),24.0°C (75.2°F),22.23°C (72.01°F),20.0°C (68.0°F),14.9mm | 0.59in,1.85mm | 0.07in,0.0mm | 0in,55.5mm | 2.19in,0.0mm | 0in,0.0mm | 0in,0.0mm | 0in,0.0mm | 0in,17.0kmh | 10.56mph,10.47kmh | 6.51mph,6.0kmh | 3.73mph,21.0kmh | 13.05mph,12.43kmh | 7.72mph,7.0kmh | 4.35mph,14.9mb,1.85mb,0.0mb
delhi,2019,october,39.0°C (102.2°F),36.13°C (97.03°F),34.0°C (93.2°F),35.0°C (95.0°F),33.39°C (92.1°F),31.0°C (87.8°F),32.0°C (89.6°F),28.9°C (84.02°F),26.0°C (78.8°F),21.0°C (69.8°F),12.87°C (55.17°F),7.0°C (44.6°F),1.1mm | 0.04in,0.06mm | 0.0in,0.0mm | 0in,2.0mm | 0.08in,0.0mm | 0in,0.0mm | 0in,0.0mm | 0in,0.0mm | 0in,9.0kmh | 5.59mph,7.32kmh | 4.55mph,5.0kmh | 3.11mph,11.0kmh | 6.84mph,8.55kmh | 5.31mph,6.0kmh | 3.73mph,1.1mb,0.06mb,0.0mb
delhi,2019,november,35.0°C (95.0°F),30.43°C (86.77°F),25.0°C (77.0°F),32.0°C (89.6°F),27.47°C (81.45°F),23.0°C (73.4°F),29.0°C (84.2°F),23.33°C (73.99°F),20.0°C (68.0°F),12.0°C (53.6°F),7.7°C (45.86°F),2.0°C (35.6°F),10.2mm | 0.4in,0.58mm | 0.02in,0.0mm | 0in,17.5mm | 0.69in,0.0mm | 0in,0.0mm | 0in,0.0mm | 0in,0.0mm | 0in,17.0kmh | 10.56mph,8.53kmh | 5.3mph,4.0kmh | 2.49mph,22.0kmh | 13.67mph,10.53kmh | 6.54mph,5.0kmh | 3.11mph,10.2mb,0.58mb,0.0mb
delhi,2019,december,29.0°C (84.2°F),23.9°C (75.02°F),18.0°C (64.4°F),26.0°C (78.8°F),21.03°C (69.85°F),16.0°C (60.8°F),22.0°C (71.6°F),17.03°C (62.65°F),13.0°C (55.4°F),12.0°C (53.6°F),4.1°C (39.38°F),-2.0°C (28.4°F),14.4mm | 0.57in,0.53mm | 0.02in,0.0mm | 0in,16.3mm | 0.64in,0.0mm | 0in,0.0mm | 0in,0.0mm | 0in,0.0mm | 0in,14.0kmh | 8.7mph,6.77kmh | 4.21mph,3.0kmh | 1.86mph,21.0kmh | 13.05mph,8.26kmh | 5.13mph,4.0kmh | 2.49mph,14.4mb,0.53mb,0.0mb
delhi,2020,january,24.0°C (75.2°F),20.77°C (69.39°F),15.0°C (59.0°F),19.0°C (66.2°F),17.61°C (63.7°F),14.0°C (57.2°F),16.0°C (60.8°F),13.39°C (56.1°F),10.0°C (50.0°F),12.0°C (53.6°F),6.58°C (43.84°F),0.0°C (0°F),25.3mm | 1.0in,1.13mm | 0.04in,0.0mm | 0in,34.9mm | 1.37in,0.0mm | 0in,0.0mm | 0in,0.0mm | 0in,0.0mm | 0in,17.0kmh | 10.56mph,8.81kmh | 5.47mph,5.0kmh | 3.11mph,20.0kmh | 12.43mph,11.23kmh | 6.98mph,6.0kmh | 3.73mph,25.3mb,1.13mb,0.0mb
delhi,2020,february,33.0°C (91.4°F),26.52°C (79.74°F),21.0°C (69.8°F),28.0°C (82.4°F),22.45°C (72.41°F),18.0°C (64.4°F),21.0°C (69.8°F),16.97°C (62.55°F),13.0°C (55.4°F),11.0°C (51.8°F),6.66°C (43.99°F),0.0°C (0°F),2.5mm | 0.1in,0.1mm | 0.0in,0.0mm | 0in,2.8mm | 0.11in,0.0mm | 0in,0.0mm | 0in,0.0mm | 0in,0.0mm | 0in,21.0kmh | 13.05mph,9.86kmh | 6.13mph,5.0kmh | 3.11mph,28.0kmh | 17.4mph,12.52kmh | 7.78mph,6.0kmh | 3.73mph,2.5mb,0.1mb,0.0mb
delhi,2020,march,35.0°C (95.0°F),30.0°C (86.0°F),22.0°C (71.6°F),31.0°C (87.8°F),26.52°C (79.74°F),19.0°C (66.2°F),25.0°C (77.0°F),21.39°C (70.5°F),16.0°C (60.8°F),14.0°C (57.2°F),9.94°C (49.89°F),6.0°C (42.8°F),20.6mm | 0.81in,1.42mm | 0.06in,0.0mm | 0in,44.0mm | 1.73in,0.0mm | 0in,0.0mm | 0in,0.0mm | 0in,0.0mm | 0in,20.0kmh | 12.43mph,10.32kmh | 6.41mph,6.0kmh | 3.73mph,27.0kmh | 16.78mph,12.94kmh | 8.04mph,7.0kmh | 4.35mph,20.6mb,1.42mb,0.0mb
delhi,2020,april,42.0°C (107.6°F),37.93°C (100.27°F),34.0°C (93.2°F),39.0°C (102.2°F),34.53°C (94.15°F),31.0°C (87.8°F),34.0°C (93.2°F),28.83°C (83.89°F),23.0°C (73.4°F),15.0°C (59.0°F),6.93°C (44.47°F),1.0°C (33.8°F),3.1mm | 0.12in,0.28mm | 0.01in,0.0mm | 0in,8.4mm | 0.33in,0.0mm | 0in,0.0mm | 0in,0.0mm | 0in,0.0mm | 0in,20.0kmh | 12.43mph,11.37kmh | 7.06mph,4.0kmh | 2.49mph,23.0kmh | 14.29mph,13.8kmh | 8.57mph,5.0kmh | 3.11mph,3.1mb,0.28mb,0.0mb
delhi,2020,may,49.0°C (120.2°F),43.42°C (110.16°F),37.0°C (98.6°F),45.0°C (113.0°F),39.84°C (103.71°F),34.0°C (93.2°F),40.0°C (104.0°F),34.19°C (93.54°F),26.0°C (78.8°F),17.0°C (62.6°F),7.19°C (44.94°F),-1.0°C (30.2°F),2.0mm | 0.08in,0.29mm | 0.01in,0.0mm | 0in,9.1mm | 0.36in,0.0mm | 0in,0.0mm | 0in,0.0mm | 0in,0.0mm | 0in,19.0kmh | 11.81mph,12.55kmh | 7.8mph,7.0kmh | 4.35mph,23.0kmh | 14.29mph,14.74kmh | 9.16mph,8.0kmh | 4.97mph,2.0mb,0.29mb,0.0mb
delhi,2020,june,50.0°C (122.0°F),43.87°C (110.97°F),38.0°C (100.4°F),46.0°C (114.8°F),40.9°C (105.62°F),35.0°C (95.0°F),41.0°C (105.8°F),35.63°C (96.13°F),29.0°C (84.2°F),21.0°C (69.8°F),15.3°C (59.54°F),8.0°C (46.4°F),11.9mm | 0.47in,0.79mm | 0.03in,0.0mm | 0in,23.7mm | 0.93in,0.0mm | 0in,0.0mm | 0in,0.0mm | 0in,0.0mm | 0in,18.0kmh | 11.18mph,11.77kmh | 7.31mph,5.0kmh | 3.11mph,23.0kmh | 14.29mph,13.77kmh | 8.56mph,6.0kmh | 3.73mph,11.9mb,0.79mb,0.0mb
delhi,2020,july,48.0°C (118.4°F),40.97°C (105.75°F),35.0°C (95.0°F),45.0°C (113.0°F),38.42°C (101.16°F),33.0°C (91.4°F),42.0°C (107.6°F),34.55°C (94.19°F),29.0°C (84.2°F),24.0°C (75.2°F),20.65°C (69.17°F),15.0°C (59.0°F),39.9mm | 1.57in,4.38mm | 0.17in,0.0mm | 0in,135.8mm | 5.35in,0.0mm | 0in,0.0mm | 0in,0.0mm | 0in,0.0mm | 0in,22.0kmh | 13.67mph,11.58kmh | 7.2mph,7.0kmh | 4.35mph,27.0kmh | 16.78mph,14.19kmh | 8.82mph,9.0kmh | 5.59mph,39.9mb,4.38mb,0.0mb
delhi,2020,august,42.0°C (107.6°F),37.03°C (98.65°F),32.0°C (89.6°F),40.0°C (104.0°F),34.74°C (94.53°F),30.0°C (86.0°F),36.0°C (96.8°F),30.87°C (87.57°F),28.0°C (82.4°F),25.0°C (77.0°F),23.39°C (74.1°F),21.0°C (69.8°F),45.6mm | 1.8in,8.42mm | 0.33in,0.0mm | 0in,261.0mm | 10.28in,0.0mm | 0in,0.0mm | 0in,0.0mm | 0in,0.0mm | 0in,23.0kmh | 14.29mph,12.45kmh | 7.74mph,6.0kmh | 3.73mph,28.0kmh | 17.4mph,15.94kmh | 9.9mph,7.0kmh | 4.35mph,45.6mb,8.42mb,0.0mb
delhi,2020,september,42.0°C (107.6°F),38.73°C (101.71°F),35.0°C (95.0°F),39.0°C (102.2°F),36.33°C (97.39°F),33.0°C (91.4°F),35.0°C (95.0°F),32.3°C (90.14°F),29.0°C (84.2°F),23.0°C (73.4°F),19.03°C (66.25°F),9.0°C (48.2°F),10.4mm | 0.41in,0.67mm | 0.03in,0.0mm | 0in,20.1mm | 0.79in,0.0mm | 0in,0.0mm | 0in,0.0mm | 0in,0.0mm | 0in,15.0kmh | 9.32mph,8.77kmh | 5.45mph,5.0kmh | 3.11mph,20.0kmh | 12.43mph,10.37kmh | 6.44mph,6.0kmh | 3.73mph,10.4mb,0.67mb,0.0mb
delhi,2020,october,42.0°C (107.6°F),38.74°C (101.73°F),34.0°C (93.2°F),39.0°C (102.2°F),35.65°C (96.17°F),30.0°C (86.0°F),34.0°C (93.2°F),30.84°C (87.51°F),25.0°C (77.0°F),16.0°C (60.8°F),5.45°C (41.81°F),-0.0°C (0°F),0.0mm | 0in,0.0mm | 0in,0.0mm | 0in,0.0mm | 0in,0.0mm | 0in,0.0mm | 0in,0.0mm | 0in,0.0mm | 0in,10.0kmh | 6.21mph,6.1kmh | 3.79mph,4.0kmh | 2.49mph,12.0kmh | 7.46mph,7.06kmh | 4.39mph,4.0kmh | 2.49mph,0.0mb,0.0mb,0.0mb
delhi,2020,november,35.0°C (95.0°F),30.3°C (86.54°F),24.0°C (75.2°F),32.0°C (89.6°F),27.0°C (80.6°F),22.0°C (71.6°F),27.0°C (80.6°F),22.6°C (72.68°F),18.0°C (64.4°F),13.0°C (55.4°F),1.0°C (33.8°F),-7.0°C (19.4°F),4.6mm | 0.18in,0.26mm | 0.01in,0.0mm | 0in,7.8mm | 0.31in,0.0mm | 0in,0.0mm | 0in,0.0mm | 0in,0.0mm | 0in,15.0kmh | 9.32mph,7.6kmh | 4.72mph,4.0kmh | 2.49mph,19.0kmh | 11.81mph,9.1kmh | 5.65mph,4.0kmh | 2.49mph,4.6mb,0.26mb,0.0mb
delhi,2020,december,32.0°C (89.6°F),25.87°C (78.57°F),19.0°C (66.2°F),28.0°C (82.4°F),22.42°C (72.36°F),16.0°C (60.8°F),24.0°C (75.2°F),18.13°C (64.63°F),12.0°C (53.6°F),12.0°C (53.6°F),1.35°C (34.43°F),-9.0°C (15.8°F),0.0mm | 0in,0.0mm | 0in,0.0mm | 0in,0.0mm | 0in,0.0mm | 0in,0.0mm | 0in,0.0mm | 0in,0.0mm | 0in,14.0kmh | 8.7mph,7.94kmh | 4.93mph,3.0kmh | 1.86mph,16.0kmh | 9.94mph,9.71kmh | 6.03mph,3.0kmh | 1.86mph,0.0mb,0.0mb,0.0mb
